platform,Desc,Link,Price,Rating,Raters,Reviewers,img_url,Scaled Rating,VFM,composite
Amazon,VEGA Large Nail Clipper (Black) (LNC-03),https://www.amazon.in/sspa/click?ie=UTF8&spc=MTozMDE1ODgyMDc1MTYwNDU1OjE2NzIyMzI5OTE6c3BfYXRmOjIwMDY5NTg1MDAzMTAzOjowOjo&url=%2FVega-Large-Nail-Clipper-Black%2Fdp%2FB0079Z17SS%2Fref%3Dsr_1_1_sspa%3Fkeywords%3Dnail%2Bcutter%26qid%3D1672232991%26refinements%3Dp_72%253A1318476031%26sr%3D8-1-spons%26sp_csd%3Dd2lkZ2V0TmFtZT1zcF9hdGY%26psc%3D1,115,4.4,7413,,https://m.media-amazon.com/images/I/61VXoiHQnSL._AC_UL320_.jpg,4.3999999800648855,2.1824360233213627,1.6530783622399012
Amazon,"Kai Nail Clipper Type001_M, Black, 100 g",https://www.amazon.in/sspa/click?ie=UTF8&spc=MTozMDE1ODgyMDc1MTYwNDU1OjE2NzIyMzI5OTE6c3BfYXRmOjIwMDgwODE1Nzk5ODAxOjowOjo&url=%2FKai-Japan-Nail-Clipper-Black%2Fdp%2FB01F5HTKT4%2Fref%3Dsr_1_2_sspa%3Fkeywords%3Dnail%2Bcutter%26qid%3D1672232991%26refinements%3Dp_72%253A1318476031%26sr%3D8-2-spons%26sp_csd%3Dd2lkZ2V0TmFtZT1zcF9hdGY%26psc%3D1,350,4.3,1078,,https://m.media-amazon.com/images/I/61xDwHQRa8L._AC_UL320_.jpg,4.297171014708351,1.2217613511195506,1.2079413132833299
Amazon,"Kai Japan Nail Clipper, Blue",https://www.amazon.in/sspa/click?ie=UTF8&spc=MTozMDE1ODgyMDc1MTYwNDU1OjE2NzIyMzI5OTE6c3BfYXRmOjIwMDgwODE1Nzk5NTAxOjowOjo&url=%2FKai-Japan-Nail-Clipper-Blue%2Fdp%2FB01F5HTLQG%2Fref%3Dsr_1_3_sspa%3Fkeywords%3Dnail%2Bcutter%26qid%3D1672232991%26refinements%3Dp_72%253A1318476031%26sr%3D8-3-spons%26sp_csd%3Dd2lkZ2V0TmFtZT1zcF9hdGY%26psc%3D1,380,4.3,374,,https://m.media-amazon.com/images/I/51j4ksLgBBL._AC_UL320_.jpg,4.242546300388281,1.1576374274864496,1.1608680978031878
Amazon,"Vega Nail Clipper, Large, 1 Piece",https://www.amazon.in/Vega-Large-Nail-Clipper/dp/B00ARAKH4M,140,4.4,5483,,https://m.media-amazon.com/images/I/61PmvHq1XSL._AC_UL320_.jpg,4.399999706553053,1.9780004991142028,1.573750394395008
Amazon,"URBANMAC Manicure Pedicure 16 Tools Set Nail Clippers Stainless Steel Professional Nail Scissors Grooming Kits, Nail Tools with Leather Case",https://www.amazon.in/URBANMAC-Manicure-Pedicure-Stainless-Professional/dp/B085W775MR,299,4.0,1840,,https://m.media-amazon.com/images/I/51HWgUeL1sL._AC_UL320_.jpg,3.9997213342790245,1.2303591617385456,1.128276893977058
Amazon,MAYCREATE® Nail Cutter for Men Toe Nail Cutter for Thick Nails Cutting Clipper Trimmer for Women Wide-Opening Sharp Jaws Stainless Steel Large Nail Clippers Set with Nail File,https://www.amazon.in/MAYCREATE%C2%AE-Cutting-Wide-Opening-Stainless-Clippers/dp/B096B55HJ5,589,4.3,487,,https://m.media-amazon.com/images/I/61Ab1l+AZrL._AC_UL320_.jpg,4.268749938540948,0.9355797959286928,1.0500528017499262
Amazon,"Vega Large Nail Clipper, Glitter (Colour May Vary)",https://www.amazon.in/Vega-Large-Clipper-Glitter-Colour/dp/B0079YZMLC,110,4.3,617,,https://m.media-amazon.com/images/I/61ZSB30mzdL._AC_UL320_.jpg,4.283162652683479,2.172230921710428,1.605415932889149
Amazon,"Beauté Secrets Nail Cutter Clippers With Curved Nail File, Fingernail and Toenail Clipper Cutter, Stainless Steel Nail Trimmer",https://www.amazon.in/Foolzy-Clippers-Fingernail-Toenail-Stainless/dp/B07RVKXSND,420,4.4,1515,,https://m.media-amazon.com/images/I/61QpOWgi1eL._AC_UL320_.jpg,4.399256254841272,1.1418061612440493,1.1954886500041593
Amazon,DOCOSS Pack Of 3 Stainless Steel Nail Cutter Kit Set & Toenail Fingernail Clipper/Nail Clipper Set/Nail Cutter For Men Women (Black),https://www.amazon.in/DOCOSS-Stainless-Toenail-Fingernail-Clipper/dp/B08R438LG8,345,4.1,524,,https://m.media-amazon.com/images/I/61bOyTGUc-S._AC_UL320_.jpg,4.0752022507881165,1.167017549877677,1.119587051573065
Amazon,"DOCOSS-18 IN 1 Stainless Steel Professional Manicure Set Nail Cutter For Women Nail Scissors Grooming Kit Manicure Pedicure Kit For Women Nail Acne Remover needle, Blackhead Tool With Leather Case",https://www.amazon.in/Stainless-Steel-Professional-Manicure-Set/dp/B08W2BGWM2,555,4.0,671,,https://m.media-amazon.com/images/I/715TAZdW-dL._AC_UL320_.jpg,3.987648058727168,0.900343217001579,0.9622565499392935
Amazon,"leegoal Toe Nail Clipper for Ingrown or Thick Toenails, Heavy Duty Toenail Trimmer Nail Clipper Pedicure Tool with Long Handle and Soft Grip for Seniors",https://www.amazon.in/leegoal-Clipper-Ingrown-Toenails-Pedicure/dp/B07JQ4CQ21,195,4.1,1901,,https://m.media-amazon.com/images/I/51Mxym+IyBL._AC_UL320_.jpg,4.099755958977664,1.5616311642030098,1.3029184844113726
Amazon,"Vega Nail Fila/Large Nail Clipper, 2 Pieces",https://www.amazon.in/Vega-Nail-Large-Clipper-Pieces/dp/B085CVZQLH,250,4.4,647,,https://m.media-amazon.com/images/I/612YQpVRIQL._AC_UL320_.jpg,4.384918979899567,1.4751267417061462,1.3543978241523726
Amazon,"Beauté Secrets 2 Pieces Nail Cutter Set with Catcher, No Splash Fingernail Toenail Clippers Nail Cutter Set, Black Stainless Steel, Good Gift for Women and Men",https://www.amazon.in/Beaut%C3%A9-Secrets-Fingernail-Clippers-Stainless/dp/B08K2GC9B3,473,4.3,569,,https://m.media-amazon.com/images/I/41YQNWpfBGL._AC_UL320_.jpg,4.279020069052306,1.046529609050386,1.1132432985585534
Amazon,MAYCREATE Nail Cutter For Men Stainless Steel Nail Clippers Nail Trimmer Toe nail Cutting Fingernail Wide-Opening Sharp Jaws Toenail Clippers for Thick Nails with Nail File,https://www.amazon.in/Maycreate-Clipper-Fingernail-Stainless-Clippers/dp/B07WN3XBVH,580,4.3,782,,https://m.media-amazon.com/images/I/61DggjyNekL._AC_UL320_.jpg,4.291615997997241,0.9478609377313573,1.062583761098831
Amazon,"Beauté Secrets Stainless Steel Toenail/Fingernail Clipper/Nail Nipper Set For Thick Nails, Professional Nail Cutter",https://www.amazon.in/Foolzy-Stainless-Toenail-Fingernail-Professional/dp/B07RRBV8X7,420,4.4,1221,,https://m.media-amazon.com/images/I/61Tp2uGhYWL._AC_UL320_.jpg,4.39819222463353,1.1415299972343687,1.195054954268691
Amazon,"VEGA Small Nail Clipper, Silver (Pack of 2)",https://www.amazon.in/VEGA-Small-Nail-Clipper-Silver/dp/B0876G5XH4,220,4.1,81,,https://m.media-amazon.com/images/I/61xg7zkbU3L._AC_UL320_.jpg,3.5497073151999996,1.2729723552219279,1.0185258076050814
Amazon,"GUBB Nail Clipper For Men & Women - Fits naturally, Cuts precisely |Elegant designed |Easy to hold |Safe for skin |sharp blades | Offers well-groomed nails | Suitable for men and women - Gold",https://www.amazon.in/sspa/click?ie=UTF8&spc=MTozMDE1ODgyMDc1MTYwNDU1OjE2NzIyMzI5OTE6c3BfbXRmOjIwMDQzMjI1MTEzNjAzOjowOjo&url=%2FGUBB-Nail-Cutter-Clipper-Women%2Fdp%2FB08351R78S%2Fref%3Dsr_1_21_sspa%3Fkeywords%3Dnail%2Bcutter%26qid%3D1672232991%26refinements%3Dp_72%253A1318476031%26sr%3D8-21-spons%26sp_csd%3Dd2lkZ2V0TmFtZT1zcF9tdGY%26psc%3D1,269,4.0,1026,,https://m.media-amazon.com/images/I/41FyMbCXkHL._AC_UL320_.jpg,3.996852884989003,1.2962232002278702,1.1572523312839735
Amazon,KAI Foot Nail Cutter - White and Grey,https://www.amazon.in/sspa/click?ie=UTF8&spc=MTozMDE1ODgyMDc1MTYwNDU1OjE2NzIyMzI5OTE6c3BfbXRmOjIwMDgxMzg4OTQ1OTk4OjowOjo&url=%2FKai-Japan-Foot-Clipper-White%2Fdp%2FB01F5HTLSY%2Fref%3Dsr_1_22_sspa%3Fkeywords%3Dnail%2Bcutter%26qid%3D1672232991%26refinements%3Dp_72%253A1318476031%26sr%3D8-22-spons%26sp_csd%3Dd2lkZ2V0TmFtZT1zcF9tdGY%26psc%3D1,452,4.2,135,,https://m.media-amazon.com/images/I/61tD6ranUKL._AC_UL320_.jpg,3.8857634550671474,0.9721760308065583,0.9743585941651357
Amazon,"GUBB Toe Nail Clipper For Men & Women | Stainless Steel Nail Cutter - Smooth Curvy Edges to Fit in The Natural Curves of Your Nails - Rust Resistant, Sharp Blades, Durable & Sturdy",https://www.amazon.in/sspa/click?ie=UTF8&spc=MTozMDE1ODgyMDc1MTYwNDU1OjE2NzIyMzI5OTE6c3BfbXRmOjIwMDQ1NzQ3MDYzMDAzOjowOjo&url=%2FGUBB-USA-Nail-Clipper-Cutter%2Fdp%2FB01A0PQC9W%2Fref%3Dsr_1_23_sspa%3Fkeywords%3Dnail%2Bcutter%26qid%3D1672232991%26refinements%3Dp_72%253A1318476031%26sr%3D8-23-spons%26sp_csd%3Dd2lkZ2V0TmFtZT1zcF9tdGY%26psc%3D1,160,4.1,641,,https://m.media-amazon.com/images/I/41ii3HeqIYL._AC_UL320_.jpg,4.085571595855359,1.7180294390351916,1.361877773962812
Amazon,Scholl Nail Clipper,https://www.amazon.in/sspa/click?ie=UTF8&spc=MTozMDE1ODgyMDc1MTYwNDU1OjE2NzIyMzI5OTE6c3BfbXRmOjIwMDQ3MjAxMjI2NTk4OjowOjo&url=%2FScholl-10002136-Nail-Clipper%2Fdp%2FB001PMQ2KO%2Fref%3Dsr_1_24_sspa%3Fkeywords%3Dnail%2Bcutter%26qid%3D1672232991%26refinements%3Dp_72%253A1318476031%26sr%3D8-24-spons%26sp_csd%3Dd2lkZ2V0TmFtZT1zcF9tdGY%26psc%3D1,310,4.3,923,,https://m.media-amazon.com/images/I/71jR8PHo+3L._AC_UL320_.jpg,4.295110622363986,1.2975714280348112,1.2442567251149768
Amazon,"Beauté Secrets Manicure Set Nail Clippers, Stainless Steel Nail Scissors Grooming Kit, Acne needle, Blackhead Tool Leather Travel Case (Yellow)",https://www.amazon.in/Foolzy-Stainless-Scissors-Manicure-Blackhead/dp/B079TQY1TH,473,4.3,5883,,https://m.media-amazon.com/images/I/516-cYikuEL._AC_UL320_.jpg,4.299999841364286,1.0516606793798797,1.1214405709341366
Amazon,"Victorinox Unisex Nail Clipper SS Red Lanyard Hole BlisterNail Clipper SS Red Lanyard Hole Blister, SS, Red, Standard",https://www.amazon.in/Victorinox-Clipper-Lanyard-BlisterNail-Standard/dp/B081Z7P99L,1280,4.2,5073,,https://m.media-amazon.com/images/I/51tGzi1MezL._AC_UL320_.jpg,4.1999994741837074,0.624427495800356,0.8440346018310267
Amazon,Beauté Secrets Nail Nipper Toenail Clippers for Thick & Ingrown Toe Nails Heavy Duty Precision Nail Scissors Super Sharp Curved Blade Grooming Tool,https://www.amazon.in/Beaut%C3%A9-Secrets-Clippers-Precision-Scissors/dp/B08NVV9XVW,631,4.4,142,,https://m.media-amazon.com/images/I/71fENveZVGL._AC_UL320_.jpg,4.091939091161723,0.8664674412527656,0.9686687530368513
Amazon,"Beauté Secrets Stainless Steel Toenail/Fingernail Clipper/Nail Nipper Set For Thick Nails, Professional Nail Cutter Set, Silver",https://www.amazon.in/Beaut%C3%A9-Secrets-Stainless-Fingernail-Professional/dp/B08ZYLN1ZJ,299,4.2,117,,https://m.media-amazon.com/images/I/61aTDYGXjgL._AC_UL320_.jpg,3.824156341103375,1.176353399891349,1.0548107592729241
Amazon,"MAYCREATE® Toe Nail Clipper for Ingrown or Thick Toenails, Heavy Duty Toenail Trimmer Nail Clipper Pedicure Tool with Long Handle and Soft Grip for Seniors",https://www.amazon.in/MAYCREATE%C2%AE-Clipper-Ingrown-Toenails-Pedicure/dp/B07SQQ2VM3,239,4.0,196,,https://m.media-amazon.com/images/I/51FkhaofjGL._AC_UL320_.jpg,3.82407813955584,1.3157263566498159,1.115525625407731
Amazon,"Vega Nail Clipper - Large LNC-02, 1pc Pack",https://www.amazon.in/Vega-Nail-Clipper-Large-LNC-02/dp/B01D8BK8MM,109,4.0,44,,https://m.media-amazon.com/images/I/71z3sbQ0dqL._AC_UL320_.jpg,3.089601175747465,1.5740805038770476,0.9857933806771498
Amazon,"Beauté Secrets Nail Clippers for Thick Nails, Extra Wide Jaw Opening Nail Cutter for Hard Toenail, Fingernail Nail Cutter with Nail Filer Nail Cutter Kit for Seniors & Men & Women, Silver",https://www.amazon.in/Beaut%C3%A9-Secrets-Clippers-Opening-Fingernail/dp/B08Z8B1C8S,789,4.1,57,,https://m.media-amazon.com/images/I/71Avm369SOL._AC_UL320_.jpg,3.3394473158515394,0.6323737906178378,0.6753540882799791
Amazon,MAYCREATE® Toenail Clippers for Thick Nails Nail Clippers Kit Set for Men and Women Heavy Duty Nail Nippers Cutter for Pedicure Precision Ingrown Fingernails (Black),https://www.amazon.in/MAYCREATE%C2%AE-Clippers-Pedicure-Precision-Fingernails/dp/B07YD2B9MG,409,4.3,476,,https://m.media-amazon.com/images/I/410kuG20A1S._AC_UL320_.jpg,4.266952273354117,1.1222610710389458,1.1495681968972518
Amazon,Panache Ergonomic Design Nail Clipper,https://www.amazon.in/Panache-Ergonomic-Design-Nail-Clipper/dp/B00PAU1U18,99,4.0,243,,https://m.media-amazon.com/images/I/71wG1ceOFsL._AC_UL320_.jpg,3.876580894434948,2.072378227365669,1.4192319106867342
Amazon,"Beauté Secrets 15mm Wide Jaw Opening Nail Clippers for Thick Nails Fingernails and Toenails Clippers for Ingrown Toenails Oversized Stainless Steel Nail Clipper and Nail Filer Set, Black",https://www.amazon.in/Beaut%C3%A9-Secrets-Fingernails-Oversized-Stainless/dp/B08WKD4DY1,499,4.4,92,,https://m.media-amazon.com/images/I/61Zgyqzr7SL._AC_UL320_.jpg,3.8824831605174124,0.9244790525820936,0.9493538682047481
Amazon,"MAYCREATE® Toe Nail Clipper for Ingrown or Thick Toenails, 5PCS Stainless Steel Toenail Clipper, Professional Pedicure Tools Kit with Nail File (Black)",https://www.amazon.in/MAYCREATE%C2%AE-Toenails-Stainless-Professional-Pedicure/dp/B07WKLYN2Z,579,4.2,232,,https://m.media-amazon.com/images/I/513uz+Ac95L._AC_UL320_.jpg,4.059666954971978,0.8974058409387602,0.9780360399878971
Amazon,Anzailala Nail Cutter Fingernail Toenail Clipper Black Stainless Steel Sharp Nail Clippers for Men and Women,https://www.amazon.in/Anzailala-Black-Stainless-Steel-Clippers/dp/B09JWBCMJN,368,4.1,51,,https://m.media-amazon.com/images/I/31nAfK0YHgL._AC_UL320_.jpg,3.2668792816198904,0.9058305101062991,0.7907269936172792
Amazon,"Beauté Secrets Nail Cutter Set 3 Pieces, No Splash Fingernail Clipper Set With Nail Filer, Stainless Steel Nail Cutter for Men and Women",https://www.amazon.in/Beaut%C3%A9-Secrets-Fingernail-Clipper-Stainless/dp/B08K2T8B5W,599,4.2,124,,https://m.media-amazon.com/images/I/91UpKnKaoaL._AC_UL320_.jpg,3.849970170264923,0.8367230258955127,0.8956085498396719
Amazon,GUBB Curved Nail Clipper For Men & Women | Stainless Steel Nail Cutter That Fits in nails easily | Designed For Women & Men | Sharp blades | Made with stainless steel | For well-groomed nails,https://www.amazon.in/GUBB-Clipper-Curved-Cutter-Women/dp/B0834ZYWZC,185,4.0,1026,,https://m.media-amazon.com/images/I/41RuBCLO7rL._AC_UL320_.jpg,3.996852884989003,1.563039905965669,1.270788284101731
Amazon,iSweven Nail Cutter for men Toe Nail Cutting Clipper Trimmer Fingernail for Men Women Wide-Opening Sharp Jaws Stainless Steel for Thick Nails,https://www.amazon.in/iSweven-Cutting-Fingernail-Wide-Opening-Stainless/dp/B08616R74P,596,4.5,324,,https://m.media-amazon.com/images/I/61A7Uqj03kL._AC_UL320_.jpg,4.4189352067073315,0.9627915521935426,1.102690861028388
Amazon,GUBB Finger Nail Clipper For Men & Women With Keychain | Stainless Steel Nail Cutter,https://www.amazon.in/Gubb-Finger-Cutter-Clipper-Chain/dp/B01A0PQB48,84,4.1,641,,https://m.media-amazon.com/images/I/51y5WTLxk-L._AC_UL320_.jpg,4.085571595855359,2.3711058916289014,1.5999201434919683
Amazon,"Hudabeauty Manicure Pedicure Nail Tools With Leather Case Color May Vary, 16 Pcs",https://www.amazon.in/HudaBeauty-Manicure-Pedicure-Stainless-Professional/dp/B07S81MDJ7,298,4.0,3683,,https://m.media-amazon.com/images/I/71tVxqcnuGL._AC_UL320_.jpg,3.999994742106989,1.2325060381118373,1.129338033075256
Amazon,"VEGA Large Nail Clipper, Silver (Pack of 2)",https://www.amazon.in/VEGA-Large-Nail-Clipper-Silver/dp/B0876J8LZJ,250,4.2,58,,https://m.media-amazon.com/images/I/61ZSB30mzdL._AC_UL320_.jpg,3.432276879911974,1.1546492497824559,0.9379449722540857
Amazon,"Beauté Secrets Ultra Wide Jaw Opening Toenail Clippers Nail Clippers for Thick Nails Cutter for Ingrown Manicure Set, Pedicure Kit, Men & Women, Multicolor",https://www.amazon.in/Beaut%C3%A9-Secrets-Clippers-Manicure-Multicolor/dp/B08Z8271WP,526,4.4,69,,https://m.media-amazon.com/images/I/313NP7jbHHL._AC_UL320_.jpg,3.710621634672822,0.8605806314802275,0.8754119326401876
Amazon,"Kai Nail Clipper W001, White, 100 g",https://www.amazon.in/Kai-Japan-Nail-Clipper-White/dp/B01F5HTO86,350,4.0,776,,https://m.media-amazon.com/images/I/61aZT4hQ8xL._AC_UL320_.jpg,3.992011607172131,1.1349991606500152,1.081582300238874
Amazon,"lesgos Professional Surgical Grade Stainless Steel Ingrown Big Thick Nails Nippers Cutters with File for Elderly, Seniors, Men (Black)",https://www.amazon.in/lesgos-Professional-Surgical-Stainless-Ingrown/dp/B07PKSNN9P,499,4.0,98,,https://m.media-amazon.com/images/I/513ZSG9VzlL._AC_UL320_.jpg,3.5607620982444903,0.8478723113422582,0.8338312952929506
Amazon,DOCOSS- Pack Of 2-Quality Gold Nail Clippers Antique Nail Cutter Set Kit Fingernail Toe Nails Cutter With Filer For Man And Women,https://www.amazon.in/sspa/click?ie=UTF8&spc=MTozMDE1ODgyMDc1MTYwNDU1OjE2NzIyMzI5OTE6c3BfYnRmOjIwMDMwNDAwNTgxNzk4OjowOjo&url=%2FDOCOSS-2-Quality-Clippers-Antique-Fingernail%2Fdp%2FB078Q8TSR6%2Fref%3Dsr_1_59_sspa%3Fkeywords%3Dnail%2Bcutter%26qid%3D1672232991%26refinements%3Dp_72%253A1318476031%26sr%3D8-59-spons%26sp_csd%3Dd2lkZ2V0TmFtZT1zcF9idGY%26psc%3D1,375,4.3,967,,https://m.media-amazon.com/images/I/61DF7qAhTUL._AC_UL320_.jpg,4.2958323210453155,1.1799658939784368,1.1867303640709597
Amazon,"Beauté Secrets Toenail Clippers for Thick or Ingrown Toenails Surgical Grade Nail Clippers, Silver",https://www.amazon.in/Beaut%C3%A9-Secrets-Clippers-Toenails-Surgical/dp/B08JZ1F3QX,499,4.3,206,,https://m.media-amazon.com/images/I/71n5kzJw2hL._AC_UL320_.jpg,4.1251973135749305,0.9822730315872663,1.0397545812168556
Amazon,BESTOPE Nail Clippers Set Fingernail and Toenail Clipper Cutter,https://www.amazon.in/BESTOPE-Clippers-Fingernail-Toenail-Clipper/dp/B01MZBI2AP,319,4.5,77,,https://m.media-amazon.com/images/I/71XIRp4eLZL._AC_UL320_.jpg,3.8649168344417553,1.151019228390266,1.0545118114733816
Amazon,"GUBB Nail Care Kit - Toe Nail Clipper, Finger Nail Cutter, Nail Filer & Flat Tweezer | Nail Clipper For Manicure, Nail Shaper for Smooth Nail Finish, Rust Resistant - Sharp & Durable Edge",https://www.amazon.in/GUBB-Finger-Cutter-Tweezer-Plucker/dp/B01M052J7I,238,4.2,301,,https://m.media-amazon.com/images/I/51AIVncz-pL._AC_UL320_.jpg,4.112517053143896,1.4179372129237227,1.2453924199352007
Amazon,DOCOSS Professional Rose Gold Nail Cutter Kit Set With Filer & Toenail Fingernail Clipper Stainless Steel Nail Clipper Set/Nail Cutter For Men Women (Rose Gold),https://www.amazon.in/DOCOSS-Professional-Toenail-Fingernail-Stainless/dp/B09414GF3F,449,4.0,68,,https://m.media-amazon.com/images/I/61soDezhScL._AC_UL320_.jpg,3.3647867453457745,0.8446409657537324,0.786436426597349
Amazon,Ankita 2 in 1 Manicure Pedicure Nail File Tool Cuticle Trimmer Cutter Remover for Women (NF2),https://www.amazon.in/Manicure-Pedicure-Cuticle-Trimmer-Creation/dp/B08B1X3Q4Y,65,4.0,705,,https://m.media-amazon.com/images/I/51sSueiS6BL._AC_UL320_.jpg,3.989311390518418,2.6319584315014346,1.6459151999797368
Amazon,"Beauté Secrets Nail Clipper/Nail Cutter with 360 Degree Rotating Head, Nail File, Sharp Tweezers Nail Cutter for Men & Women (Silver)",https://www.amazon.in/Beaut%C3%A9-Secrets-Clipper-Rotating-Tweezers/dp/B08WWYBFWN,499,4.1,41,,https://m.media-amazon.com/images/I/51jUEhbStmS._AC_UL320_.jpg,3.117670913504571,0.7423654741609611,0.6831391263889859
Amazon,"PANA USA Professional Stainless Steel Acrylic Nail Tips Clipper Cutter - False Nails/Fake Nails/Artificial Nails Trimmers for Nail Manicure Pedicure, Clip Tool for Home Nail Art DIY (Metallic Purple)",https://www.amazon.in/Professional-Stainless-Acrylic-Clipper-Cutter/dp/B08FXHRVHK,1269,4.8,234,,https://m.media-amazon.com/images/I/61JQRFutZ-L._AC_UL320_.jpg,4.641946872035682,0.6931179109992184,0.9828194269908085
Amazon,"Vepkuso Wide Jaw Opening Oversized Stainless Steel Toenail Cutter with Nail File For Thick Nail, Extra Large Fingernail Toenail Trimmer for Men & Women - Silver",https://www.amazon.in/Thick-Toenail-Clipper-Oversized-Fingernail/dp/B089N92NH8,2681,4.7,5042,,https://m.media-amazon.com/images/I/51KtjlXWIRL._AC_UL320_.jpg,4.699999382261736,0.482822122658373,0.8305415946266277
Amazon,"Wahl Nail Clipper, Large",https://www.amazon.in/Wahl-Nail-Clipper-Large/dp/B07F7YPRJW,475,4.5,31,,https://m.media-amazon.com/images/I/51e8omVw73L._AC_UL320_.jpg,3.200906538413429,0.7812030962988907,0.7194903568546994
Amazon,Dr.Nail Adjustable Acrylic Nail Clipper False Nails Cutter Fake Nail Stainless Steel Clippers Nail Tip Trimmer for Artificial Nail Art Manicure Tools Clip Tool (Peach Gold) ââ‚¬¦,https://www.amazon.in/Adjustable-Stainless-Clippers-Artificial-Manicure/dp/B08FYCGMZJ,1524,4.6,336,,https://m.media-amazon.com/images/I/41Kw0fzeCgL._AC_UL320_.jpg,4.523021764694921,0.6162741640037896,0.9029956624729645
Amazon,Kai HC1831 Seki Magoroku Easy Grip Nail Cutter (Size M),https://www.amazon.in/HC1831-Seki-Magoroku-Easy-Clipper/dp/B07M7ZNB8T,498,4.0,34,,https://m.media-amazon.com/images/I/51GBNUlptoL._AC_UL320_.jpg,2.9111141170702366,0.693876734743333,0.6166949603701429
Amazon,"Nail Clippers, Professional Grade Stainless Steel Fingernail Toenail Clippers for Thick Nails, 15mm Wide Jaw Opening Nail Cutter for Men and Women with Nail File",https://www.amazon.in/clippers-professional-stainless-fingernail-toenail/dp/B07DLT55W5,2222,4.7,100,,https://m.media-amazon.com/images/I/51YH8v62biL._AC_UL320_.jpg,4.19534134272,0.4734052192455548,0.7340976412923139
Amazon,"MILEILUOYUE Nail clippers set black stainless steel nail cutter& sharp oblique toe nail clipper & nail file 4 pieces, metal tin box for men and women suitable for gifts.",https://www.amazon.in/MILEILUOYUE-clippers-stainless-oblique-suitable/dp/B07WN92KDD,1699,4.6,7421,,https://m.media-amazon.com/images/I/71MeC0af1cL._AC_UL320_.jpg,4.599999979373628,0.5936068548790941,0.9013164333795951
Amazon,MR.GREEN Nail Clippers Anti Splash Fingernail Cutter Stainless Steel Manicure Tools Nail Scissors Detachable Design Nail Trimmer (Medium),https://www.amazon.in/MR-GREEN-Clippers-Fingernail-Stainless-Detachable/dp/B09BQWSKCG,2770,4.5,363,,https://m.media-amazon.com/images/I/51snRxvrbYL._AC_UL320_.jpg,4.435904316284662,0.44831167848954895,0.7553395095015814
Amazon,"Beauté Secrets Manicure Kit, pedicure tools for feet, Nail Clipper, Manicure Pedicure kit for women and Men, 18 Pieces,Perfect Gifts for Women and Men Rose Gold, Pink",https://www.amazon.in/Beaut%C3%A9-Secrets-Manicure-pedicure-Pedicure/dp/B08G1J1HRW,610,4.3,2284,,https://m.media-amazon.com/images/I/716QbUB4R8L._AC_UL320_.jpg,4.299899533465335,0.9260430104343472,1.0523104750749934
Amazon,"Beauté Secrets 18 in 1 Manicure Pedicure Kit with Nail Cutter , Scissors , Tweezers Knife, Ear Pick Eyebrow Utility Tools with Leather Case",https://www.amazon.in/Foolzy-Stainless-Utility-Grooming-Leather/dp/B079TPVM2F,420,4.2,1301,,https://m.media-amazon.com/images/I/91Z2dSqoihL._AC_UL320_.jpg,4.198657960067175,1.0897418222649191,1.1146597315458584
Amazon,"Kai Tsumekiri Nail Clipper, Green (Green)",https://www.amazon.in/Kai-Tsumekiri-Nail-Clipper-Green/dp/B07193BBPM,198,4.0,73,,https://m.media-amazon.com/images/I/51+LjobVOtL._AC_UL320_.jpg,3.405625078082854,1.287365917701725,0.9826929601136853
Amazon,"Beauté Secrets Manicure Set Nail Clippers, Stainless Steel Nail Scissors Grooming Kit with Peeling Knife, Nail Cleaning Knife, Acne needle, Blackhead Tool Leather Travel Case Perfect Gifts for Women and Men(Yellow)",https://www.amazon.in/Foolzy-MT-1A-Manicure-Set/dp/B079TN8VXW,525,4.2,1723,,https://m.media-amazon.com/images/I/81J9RUt0+7L._AC_UL320_.jpg,4.199601334959909,0.9749137161534714,1.0545353954239642
Amazon,"Kai Nail Clipper Easy Grip_M, Black, 100 g",https://www.amazon.in/Kai-Japan-Seki-Magoroku-Clipper/dp/B00E7MLGG4,390,4.0,62,,https://m.media-amazon.com/images/I/41rmq0xltAL._AC_UL320_.jpg,3.309776429712672,0.891464641972562,0.7947320472146114
Amazon,"Nail Clippers, 2 Pack Professional Fingernails & Toenails Clippers Ultra-sharp Manicure & Pedicure Cutter Tools Set with Longer Grip Handle for Women, Men, Baby",https://www.amazon.in/Cbiumpro-Clippers-Stainless-Steel-Metal/dp/B07QZV7485,1923,4.6,750,,https://m.media-amazon.com/images/I/61z6MB61G7L._AC_UL320_.jpg,4.58979606172006,0.556726012800477,0.8709318078581317
Amazon,"GLAMFIELDS Nail Clipper with Catcher, No Splash Fingernail Toenail Clipper Stainless Steel Nail Cutter Nail Trimmer for Men and Women, Packed with Leather Pouch, Silver",https://www.amazon.in/GLAMFIELDS-Clipper-Catcher-Fingernail-Stainless/dp/B07YKTRSFM,1917,4.5,3244,,https://m.media-amazon.com/images/I/61q689YnkML._AC_UL320_.jpg,4.4999863982794475,0.5466859490784949,0.8461554635294042
Amazon,"Beauté Secrets Manicure Pedicure kit,18pcs Stainless Steel Professional Nail Clippers Pedicure Set with Black Leather Storage Case, Perfect Gifts for Women and Men (Black)",https://www.amazon.in/Beaut%C3%A9-Secrets-Manicure-Stainless-Professional/dp/B08WKCW94B,578,4.3,385,,https://m.media-amazon.com/images/I/918ir3rrybL._AC_UL320_.jpg,4.246054317569196,0.9394191165177391,1.0466108877645568
Amazon,"Vega Cutical Trimmer And Pusher, Red",https://www.amazon.in/Vega-Cutical-Trimmer-and-Pusher/dp/B007E9M9I6,80,4.1,672,,https://m.media-amazon.com/images/I/51zUQpwh+CL._AC_UL320_.jpg,4.087393654802094,2.4307440988090936,1.620638278445947
Amazon,"RKPM HOMES Professional Toe Nail Clippers for Thick and Ingrown Toenails, Heavy duty Toenail Clippers for Men & Seniors with Stainless Steel Sharp Blades and Lighter Soft Big Handle(Black)",https://www.amazon.in/RKPM-HOMES-Professional-Clippers-Stainless/dp/B08CC3RSTM,299,4.1,142,,https://m.media-amazon.com/images/I/51HOmWnnyWL._AC_UL320_.jpg,3.8129432440370588,1.1729041254159578,1.0501748265671176
Amazon,ProMax Care Promax Acrylic Tip Cutters -Ergonomic Style False Nail Tip Clipper Cutters Trimmers Nail Tips Slicers Manicure & Pedicure Nail Art Tools Stainless Steel with Very Attractive Colo,https://www.amazon.in/ProMax-Care-Ergonomic-Stainless-Attractive/dp/B0725TVYBF,1583,4.6,202,,https://m.media-amazon.com/images/I/31EH8GDBpQL._AC_UL320_.jpg,4.407066448867762,0.5891785245422698,0.8602864033540113
Amazon,BEABA - Nail Clippers for Babies and Children - Nail Care and Manicure - Large Ergonomic Handle - Blue (920362),https://www.amazon.in/BEABA-Clippers-Children-Manicure-Ergonomic/dp/B08KFM2N1H,617,4.6,724,,https://m.media-amazon.com/images/I/41iIvALfeIL._AC_UL320_.jpg,4.5886452894227805,0.9826065898224956,1.1567628416119105
Amazon,"FERYES Nail Cutter Toenail Clipper for Thick Nails with Metal Nail File - 15mm Wide Jaw Nail Clipper for Tough Fingernails - Stainless Steel Nail Trimmer Fingernail Clipper for Seniors, Men & Women",https://www.amazon.in/FERYES-Cutter-Toenail-Clipper-Thick/dp/B093L3V35J,2526,4.7,300,,https://m.media-amazon.com/images/I/61Ey8UeS5MS._AC_UL320_.jpg,4.601470292161893,0.4869873908595697,0.8166302942921222
Amazon,3 Pcs Acrylic Nail Clippers Stainless Steel Flase Nail Clipper Trimmer UV Gel Nail Tips Cutter,https://www.amazon.in/Acrylic-Clippers-Stainless-Clipper-Trimmer/dp/B07WRBC2QN,299,4.1,113,,https://m.media-amazon.com/images/I/71VMv1udEuL._AC_UL320_.jpg,3.717513344509712,1.1435488175396344,1.0109970695109791
Amazon,"Nail Clippers for Acrylic Nails,MORGLES Acrylic Nail Clippers Nail Tip Cutter Fake Nail Clippers False Nails Cutter Nail Tip Clipper Nail Tip Trimmer (Blackï¼â€°",https://www.amazon.in/Acrylic-Clipper-MORGLES-Clippers-Trimmer/dp/B07XHPTRZX,1365,4.5,1815,,https://m.media-amazon.com/images/I/51yk8J0KWSL._AC_UL320_.jpg,4.499665363751622,0.6478159823572602,0.921034826166401
Amazon,"Nail Clippers Set for Thick Nail, Toenail Clippers Fingernail Clippers & Toe Nail Clippers for Adults, Men and Women (7 Pcs) Ultra Wide Jaw Opening Large Nail Clippers Stainless Steel Nail Cutter…",https://www.amazon.in/Clippers-Toenail-Fingernail-Opening-Stainless/dp/B096PP7NHC,4842,4.5,420,,https://m.media-amazon.com/images/I/71p7jLklKJS._AC_UL320_.jpg,4.4535326131880995,0.3404317141793837,0.6608298450813707
Amazon,"Kai Nail Clipper Type003, Medium, Metallic, 100 g",https://www.amazon.in/Kai-000-Ke0103-Nail-Clipper/dp/B002EQASKU,449,4.2,81,,https://m.media-amazon.com/images/I/61nd3DVzTzL._AC_UL320_.jpg,3.6362855424,0.9127935779399446,0.8835157038606682
Amazon,"YOUSTYLO - YOU ARE PRIORITY Nail Clippers, Toe Nail Clippers-Thick Nail Clippers for Men and Women with Endogenous or Thick Toenails Cutter Stainless Steel Adults Nail Clipper With Dead Leather Fork (Black)",https://www.amazon.in/Clippers-Clippers-Thick-Endogenous-Toenails-Stainless/dp/B08TV6K9PT,578,4.3,48,,https://m.media-amazon.com/images/I/51++izKfUpL._AC_UL320_.jpg,3.383660958667201,0.748618729448203,0.7445385525391794
Amazon,"Beauté Secrets Manicure Kit, pedicure tools for feet, Nail Cutters, Manicure Pedicure kit for women and Men, 19 Pieces, Black",https://www.amazon.in/Beaut%C3%A9-Secrets-Manicure-pedicure-Pedicure/dp/B08G1KMV96,578,4.2,289,,https://m.media-amazon.com/images/I/8135NLhfJWL._AC_UL320_.jpg,4.10542440782522,0.9083054246789387,0.9950479744014039
Amazon,"Nail Cutter for Acrylic, Adjustable Nail Tip Clippers, Stainless Steel Nail Tip Cutter, Nail Edge Clipper Cutter, Nail Clippers for Acrylic Nails, French Manicure Tool, False Tips Trimmer (1pcs)",https://www.amazon.in/Clipper-Acrylic-Adjustable-Manicure-Clippers/dp/B08H1ZSCZV,1872,4.0,872,,https://m.media-amazon.com/images/I/5102UxP2fLL._AC_UL320_.jpg,3.9945002670543173,0.49107440542868563,0.7118788829356617
Amazon,"6 Pieces Stainless Steel Nail Clipper Set Nail Cutter Portable Sturdy Nail Clippers Fingernails and Toenail Clipper Cutter for Women Men, Rainbow Color",https://www.amazon.in/Stainless-Clipper-Portable-Clippers-Fingernails/dp/B08SBXZWRP,1512,4.4,74,,https://m.media-amazon.com/images/I/71OyDOofRYL._AC_UL320_.jpg,3.7546412199681694,0.5136062681231789,0.6843111358324313
Amazon,Vega Manicure Large Nail Clipper (Glitter Lnc 02),https://www.amazon.in/Manicure-Large-Clipper-Glitter-LNC-02/dp/B01N1W4K0N,85,4.1,38,,https://m.media-amazon.com/images/I/21QExSZOZyL._AC_UL320_.jpg,3.063926858429535,1.7676924132688543,1.0359809002886236
Amazon,"Nail Clippers Set - TOP TENG Sharpest Fingernail & Toenail & Ingrown Nail Clippers with Nail File, Perfect Nail Cutter for Men and Women (Black)",https://www.amazon.in/TOP-TENG-Stainless-Fingernails-Toenails/dp/B08F4K3C17,2168,4.6,1383,,https://m.media-amazon.com/images/I/71lWmUan7OL._AC_UL320_.jpg,4.598855015363859,0.5253610198477933,0.8477126174556819
Amazon,12 Pieces Nail Clipper Set Stainless Steel Nail Cutter Fingernails and Toenail Clipper Cutter for Women Men (Silver),https://www.amazon.in/Pieces-Clipper-Stainless-Fingernails-Toenail/dp/B07XXPJMNH,1927,4.2,438,,https://m.media-amazon.com/images/I/815cTHDG25L._AC_UL320_.jpg,4.16063837916031,0.5041466441723629,0.7512913994194512
Amazon,Dr.Nail Adjustable Fake Nail Clipper Nail Tip Cutter Professional Nail Trimmer for Acrylic Nails Cutter Fake Nail Tip Clipper Tool for Salon Home Nail Art Beauty Design DIY(Black),https://www.amazon.in/Dr-Nail-Adjustable-Clipper-Professional-Trimmer/dp/B07TNF53MK,1499,4.5,2139,,https://m.media-amazon.com/images/I/51v1-8ENieL._AC_UL320_.jpg,4.499851683355196,0.61820875366128,0.899778850275926
Amazon,2 Pieces Acrylic Nail Clipper Stainless Steel Nail Tip Cutter Gel False Nail Trimmer Fake Nail Clipper Adjustable Nail Cuticle Edge Trimmer Nail Art Manicure Tools,https://www.amazon.in/Acrylic-Clipper-Stainless-Adjustable-Manicure/dp/B08L4KLXL8,3512,4.1,658,,https://m.media-amazon.com/images/I/71I4nkKjBcL._AC_UL320_.jpg,4.08660645246555,0.3667949349865507,0.6294257229010214
Amazon,"AORAEM Nail Clipper,Black Adjustable Nail Tip Cutter False Nail Cutter Clip Tool Artificial Nails Trimmers for Nail Manicure Pedicure (Black)",https://www.amazon.in/AORAEM-Adjustable-Artificial-Trimmers-Manicure/dp/B09T9Q7D1W,1643,4.0,1316,,https://m.media-amazon.com/images/I/71QodNnFtVL._AC_UL320_.jpg,3.998779653563925,0.5247427647084199,0.7366661413221622
Amazon,"Nail clippers set Black Matte Stainless Steel Fingernail & Thick Toenail & Ingrown Nail clippers, Perfect 3 pcs Nail clippers Cutter for Men and Women (Black)",https://www.amazon.in/clippers-Stainless-Fingernail-Toenail-Ingrown/dp/B08TM125RR,1696,4.5,2886,,https://m.media-amazon.com/images/I/51Os9EcpMLL._AC_UL320_.jpg,4.499972006264481,0.5812121109643348,0.8724632563064123
Amazon,"Manicure Pedicure Set Nail Clipper, 17 Piece Stainless Steel Tools for Nail Grooming Cutter Kit Gift for Men/Women Includes Cuticle Remover with Portable Travel Case by Totech",https://www.amazon.in/Totech-Stainless-Manicure-Pedicure-Portable/dp/B07MJ5G4RL,2799,4.4,1183,,https://m.media-amazon.com/images/I/717wvlppI0L._AC_UL320_.jpg,4.397957061208827,0.44216799350107544,0.7437288735453025
Amazon,Pretty Claw | Nail Clipper Straight Edge Finger Toe Nail Cutter Nail Trimmer Stainless Steel,https://www.amazon.in/Pretty-Clipper-Straight-Trimmer-Stainless/dp/B086WR5VSR,2608,4.5,388,,https://m.media-amazon.com/images/I/412UjYhNwTL._AC_UL320_.jpg,4.444498254916971,0.46292081989958966,0.7690349949836924
Amazon,Store2508 Cuticle Cutter Nipper with Cuticle Pusher with Cuticle Cutter and Remover for Dead Skin and Nail File for Fingernails and Toenails Manicure Set,https://www.amazon.in/Store2508-Cuticle-Fingernails-Toenails-Manicure/dp/B08R9X9PDQ,399,4.1,40,,https://m.media-amazon.com/images/I/71q0mpdl+OL._AC_UL320_.jpg,3.1002967169236855,0.8255712865139535,0.716391717699996
Amazon,MPNETDEAL Nail Tip Clipper for Acrylic Nails Artificail Fake Nails False Nail Cutter Rustproof Stainless Steel Pro Nail Tip Cutter Trimmer with Sharp Blade Clip For Salon Home Nail Art Beauty Design,https://www.amazon.in/MPNETDEAL-Clipper-Artificail-Rustproof-Stainless/dp/B07SWWDJ6L,2097,4.3,63,,https://m.media-amazon.com/images/I/711rf6lEVkL._AC_UL320_.jpg,3.5684077879653544,0.4144890200811155,0.5842530655277539
Amazon,"1Pcs Adjustable Acrylic Nail Clipper, Stainless Steel Nail Trimmer, Nail Tip Cutter for False Nail Art Manicure (Black)",https://www.amazon.in/Adjustable-Acrylic-Clipper-Stainless-Manicure/dp/B09GLHQV7F,1204,4.2,232,,https://m.media-amazon.com/images/I/51xdXCwEt-L._AC_UL320_.jpg,4.059666954971978,0.6223216791518551,0.814456470164454
Amazon,4 Pieces Nail Art Tools Acrylic Nail Clipper Nail Cutter with Stainless Steel Cuticle Trimmer and Cuticle Pushers,https://www.amazon.in/Acrylic-Clipper-Stainless-Cuticle-Trimmer/dp/B08HGMZZ46,1555,4.2,453,,https://m.media-amazon.com/images/I/51jo5aZgSJL._AC_UL320_.jpg,4.163638961391387,0.5616239689292554,0.7935346350524237
Amazon,"Nail Clippers Set, Fingernail Clipper with Nail File, Professional Stainless Steel Toenail Nail Cutter for Men and Women, Set of 3 with Leather Package",https://www.amazon.in/Clippers-Stainless-Toenail-Professional-Fingernail/dp/B08CXVPC19,2137,4.4,380,,https://m.media-amazon.com/images/I/61yMHbwCnEL._AC_UL320_.jpg,4.343202562410618,0.49974170129004136,0.7808235194007619
Amazon,"CUT IT Nail Clippers Set, Ultra Sharp Sturdy Fingernail And Toenail Clipper Cutters With Built-in Nail File For Thick Nails, Nail Trimmer Cutter For Men and Women, 2 Pieces",https://www.amazon.in/Clippers-Sturdy-Fingernail-Stainless-Cutter/dp/B08SLPGDP8,2220,4.6,49,,https://m.media-amazon.com/images/I/51aLOkKfk2S._AC_UL320_.jpg,3.6353100799999996,0.41039564224609587,0.5922605927943408
Amazon,"2 Pieces Oversized Thick Nail Clippers Wide Jaw Nail Cutter for Thick Toenails and Fingernails, 15mm Nail Clippers Stainless Steel Toenail Fingernail Clipper Trimmer for Men, Seniors, Adults (Silver)",https://www.amazon.in/Oversized-Clippers-Fingernails-Stainless-Fingernail/dp/B08TBXM73G,3260,4.6,142,,https://m.media-amazon.com/images/I/71JLwz5liOS._AC_UL320_.jpg,4.277936322578164,0.3985320773008646,0.6868089773557903
Amazon,"Nail Clippers Acrylic Professional Nail Clipper for Acrylic Nails, Fake Nail Clipper for Home Salon Nail Art Acrylic Nails Stainless Steel Adjustable Sharp Blade Cutter Trimmer Manicure Tool (Red)",https://www.amazon.in/Clippers-Professional-Stainless-Adjustable-Manicure/dp/B087TYTTM7,1897,4.6,59,,https://m.media-amazon.com/images/I/51h-TiHnDxL._AC_UL320_.jpg,3.7713370965212123,0.4605740391631426,0.6509012213163042
Amazon,Victorinox Swiss Army Stainless Nail Clippers With Nail File In Blister - 2 Pics,https://www.amazon.in/Victorinox-Swiss-Stainless-Clippers-Blister/dp/B000U58DTU,8098,4.3,366,,https://m.media-amazon.com/images/I/416Smdt8ecL._AC_UL320_.jpg,4.239817428490515,0.2506086382879781,0.5397780003797675
Amazon,"Acrylic Nail Clipper, Acrylic Nail Cutter Fake Nail Clippers False Artificial Nail Clipper Tip Trimmer Art Manicure Tools (Black)",https://www.amazon.in/Acrylic-Clipper-Clippers-Artificial-Manicure/dp/B08D7PNX37,2378,4.5,49,,https://m.media-amazon.com/images/I/71Ln3TghReL._AC_UL320_.jpg,3.5562816,0.38790732871612466,0.5632875354268484
Amazon,"BEOK Nail Clippers Set Professional Fingernail Clipper Toenail Clipper Slant Edge Nail Cutter No Splash Toenail Clippers Fingernail Clipper Set for Men and Women, 3 PCS",https://www.amazon.in/BEOK-Clipper-Professional-Fingernail-Clippers/dp/B08H27G9CW,2388,4.3,58,,https://m.media-amazon.com/images/I/512znQavg7L._AC_UL320_.jpg,3.513997758005116,0.38249176211440955,0.5526911736861296
Amazon,"MINGTU Nail Clippers Set, Long Lasting Sharp Toenail and Fingernail Clippers, Professional Sturdy Stainless Steel Nail Cutter for Men & Women, Include Nail File",https://www.amazon.in/MINGTU-Clippers-Fingernail-Professional-Stainless/dp/B08VFFYY8W,1242,4.4,85,,https://m.media-amazon.com/images/I/71q8+cjJUML._AC_UL320_.jpg,3.8376761507157267,0.5792223248813679,0.7427813237614574
Amazon,LULUKO 3PCs Nail Clippers Set Toenail & Fingernail Clippers Stainless Steel Sharp and Durable Nail Cutter 555 Three Five,https://www.amazon.in/LULUKO-Clippers-Toenail-Fingernail-Stainless/dp/B08BYGN8S9,2357,4.2,84,,https://m.media-amazon.com/images/I/81+SlAkvjBL._AC_UL320_.jpg,3.656681678943185,0.4006315356531897,0.5886128347601567
Amazon,YOUGUOM Nail Clipper Set - Stainless Steel Fingernail Clippers Toenail Curved Blades Nail Cutter and Nail File w/PU Sheath for Men Women,https://www.amazon.in/YOUGUOM-Nail-Clipper-Set-Fingernail/dp/B08DLT3SM2,3594,4.2,30,,https://m.media-amazon.com/images/I/71kTw3jR7FL._AC_UL320_.jpg,2.9627675882826936,0.2628732023182651,0.3863142682829388
Amazon,6 Pieces Large Toenails Clippers Straight Edge Toenails Clippers Stainless Steel Nails Cutters for Men Women Thick Nails,https://www.amazon.in/Toenails-Clippers-Straight-Stainless-Cutters/dp/B0886CVLWH,3762,4.4,407,,https://m.media-amazon.com/images/I/71Ti8o-vKUL._AC_UL320_.jpg,4.351205966663516,0.3773444900967044,0.6797491196462381
Amazon,WOLYFUN No Splash Nail Clippers Set with Catcher-Stainless Steel-Fingernail Toenail Clippers Nail Cutter Set With File- Ideal Gift for Women and Men,https://www.amazon.in/WOLYFUN-Clippers-Catcher-Stainless-Steel-Fingernail-Toenail/dp/B081TT4GMS,4810,4.1,43,,https://m.media-amazon.com/images/I/51j+CINJD2L._AC_UL320_.jpg,3.150920912506086,0.24165886510120202,0.3939207647694269
Amazon,"Professional Acrylic False Nail Clippers for Acrylic Nails, Rainbow Nail Tip Cutter Nail Manicure Tool for Salon Home Nail Art",https://www.amazon.in/Professional-Acrylic-Clippers-Rainbow-Manicure/dp/B092HK7VXY,1415,4.6,1758,,https://m.media-amazon.com/images/I/51t8TFLlpfS._AC_UL320_.jpg,4.599602382651102,0.6503989590492646,0.9433659898256614
Amazon,"By MILLY Professional Toenail Clippers - Titanium Coated Stainless Steel - Heavy Duty, For Ingrown or Thick Toenails - Essential Pedicure Tool - Toe Nail Cutter - (Black)",https://www.amazon.in/MILLY-Professional-Toenail-Clippers-Stainless/dp/B082VBZJJN,4676,4.4,177,,https://m.media-amazon.com/images/I/61RxBI1v9oL._AC_UL320_.jpg,4.173978990632116,0.32467643946571123,0.6048471687624853
Amazon,HUBOO Large Professional No Splash Sharp Nail Clippers Nail Cutter Stainless Steel Sturdy Nail Trimmer for Men and Women,https://www.amazon.in/Professional-Fingernail-Clippers-Toenail-Stainless/dp/B08DLTKF96,1314,4.0,115,,https://m.media-amazon.com/images/I/71UXOW8Sf-L._AC_UL320_.jpg,3.634560169564574,0.5333250066924917,0.675021868341672
Amazon,"JXS 4 Pcs Purple Nail Clippers, Fingernail and Toenail Clipper, Sharp and Durable Nail Cutter with Nail File",https://www.amazon.in/JXS-Clippers-Fingernail-Toenail-Clipper/dp/B082PJLBT3,2641,4.3,261,,https://m.media-amazon.com/images/I/61u5qmrKAsL._AC_UL320_.jpg,4.183093332444693,0.4329633359657086,0.6999920718129438
Amazon,Stainless Steel Nail Clippers ââ‚¬â€œ G.Liane 15mm Wide Jaw Opening Nail Cutter for Toenails and Fingernails Salon Quality Nail Care Tools for Women And Men,https://www.amazon.in/Stainless-Steel-Nail-Clippers-Fingernails/dp/B08CZBYZHQ,3093,4.6,302,,https://m.media-amazon.com/images/I/51KFtIbNTtL._AC_UL320_.jpg,4.504799032774124,0.43084715373166155,0.7519813006416891
Amazon,Fingernail and Toenail Clippers Set 15mm Wide Jaw Opening Nail Clippers for Thick Nails Large and Small Sizes Stainless Steel Sharp Nail Cutter with Nail File for Men and Women 3PCS (Black),https://www.amazon.in/Fingernail-Toenail-Clippers-Opening-Stainless/dp/B07MX3NSHF,2827,4.7,339,,https://m.media-amazon.com/images/I/61X5WP6GHrL._AC_UL320_.jpg,4.622768354481088,0.462463002568666,0.7994855798858876
Amazon,"Younmi Professional Acrylic Nail Tips Clippers, Nail Tip Cutter Trimmer Nail Tools with Cuticle Pusher Scaper Peeler for Acrylic Nails Manicure Pedicure Sharp Rustproof Nail Art Tool Home DIY Use",https://www.amazon.in/Younmi-Professional-Clippers-Artificial-Rustproof/dp/B089KF9JMW,2468,4.6,2148,,https://m.media-amazon.com/images/I/61Z66VD0MrL._AC_UL320_.jpg,4.599851640320007,0.4925031516821406,0.8209530819039861
Amazon,"TIFURMAN Nail clippers set black stainless steel 4pcs Nail clipper Toenail Clipper Cutter Ingrown Toenail Kits: Curved Clippers, Oblique Clipper & Nail File, Sharp Cutters for Thick Nails.(Black)",https://www.amazon.in/TIFURMAN-clippers-stainless-clipper-Toenail/dp/B08PZFPG3R,2166,4.4,642,,https://m.media-amazon.com/images/I/61fLsZ-8zTL._AC_UL320_.jpg,4.384583918185719,0.501114451749637,0.7893449892958369
Amazon,"3 in 1 Adjustable Acrylic Nail Clipper, Nail Tip Cutter Trimmer Nail Tools with Cuticle Pusher Scaper Peeler for Acrylic Nails Manicure Home DIY Use (Red)",https://www.amazon.in/Adjustable-Acrylic-Clipper-Trimmer-Manicure/dp/B099HW32YB,1707,4.2,474,,https://m.media-amazon.com/images/I/61-8veOZH-L._AC_UL320_.jpg,4.167388636044827,0.5365188805189972,0.7762945085375335
Amazon,"FVION Nail Clippers Set, Toenail Clipper Trimmer for Thick Nails, 16mm Wide Jaw Open Nail Cutter for Fingernails and Toenails With Nail File for Men and Women",https://www.amazon.in/FVION-Clippers-Toenail-Fingernails-Toenails/dp/B096K71YR3,2618,4.5,437,,https://m.media-amazon.com/images/I/61369ImtWXL._AC_UL320_.jpg,4.457601275692646,0.4633980106939496,0.7716996576517654
Amazon,"CGBE CGBE Nail Clippers for Thick Nails, Professional Nail Cutter with Catcher, Medical Grade Stainless Steel, Sharp and Durable Nail Clipper Kit for Men and Women (3 Pieces)",https://www.amazon.in/CGBE-Clippers-Catcher-Stainless-Ingrown/dp/B09KGZCF1V,3098,4.5,111,,https://m.media-amazon.com/images/I/61bDampYcDL._AC_UL320_.jpg,4.071251936466517,0.3890675754542589,0.6458185325185156
Amazon,"HotLife Nail Clipper Set - Sharp Nail Clippers, Fingernail and Toenail Clipper Cutter, 3PCS Professional Stainless Steel Nail Kit, Pedicure & Manicure Set, Slant Edge Nail Trimmer for Men and Women",https://www.amazon.in/HotLife-Nail-Clipper-Set-Professional/dp/B08KDCHGH1,2258,4.6,41,,https://m.media-amazon.com/images/I/61+ZVi8rDfL._AC_UL320_.jpg,3.497874683444153,0.3915435233425755,0.5566270075171869
Amazon,"PrettyDiva Straight Edge Nail Clippers - Heavy Duty Straight Blade Wide Jaw Nail Clipper for Thick Toenails or Tough Nails, Extra Large Oversize Toe Nail Clippers Cutter for Adults Men Seniors Elderly",https://www.amazon.in/PrettyDiva-Straight-Edge-Nail-Clippers/dp/B08Y8DD1GR,2181,4.6,148,,https://m.media-amazon.com/images/I/61gaLCE9OnL._AC_UL320_.jpg,4.29535318657384,0.48922519384259916,0.7640526610378086
Amazon,"GUANGJU Wide Jaw Opening Nail Clippers for Thick Nail, Oversized Stainless Steel Heavy Duty Finger Nail Clippers for Ingrown Toenail Tough Nail, Extra Large Toenail Cutter for Men, Senior (Black)",https://www.amazon.in/GUANGJU-Opening-Clippers-Oversized-Stainless/dp/B08Y8K3Q72,5100,4.7,341,,https://m.media-amazon.com/images/I/614-uS22r0L._AC_UL320_.jpg,4.623697353906471,0.34438329623424974,0.6900498164359795
Amazon,"TIFURMAN Nail clippers set Black stainless steel 4pcs Nail clipper Toenail Clipper Cutter Ingrown Toenail Kits: Curved Clippers, Oblique Clipper & Nail File, Sharp Cutters for Thick Nails(Black)",https://www.amazon.in/TIFURMAN-clippers-stainless-clipper-Toenail/dp/B0965PRJB5,2138,4.5,249,,https://m.media-amazon.com/images/I/51MSPpNeqnL._AC_UL320_.jpg,4.3669550782995605,0.5023572116431531,0.7871455617852812
Amazon,"SHICEN Manicure Set, Professional Women Nail Clippers Kit 4PCS， Stainless Steel Nail Cutter Care Tools Professional Grooming Kits, PU Leather Travel Case （Colorful）",https://www.amazon.in/SHICEN-Manicure-Professional-Stainless-%EF%BC%88Colorful%EF%BC%89/dp/B08S3SK655,1893,4.4,102,,https://m.media-amazon.com/images/I/61+1weuNJ6L._AC_UL320_.jpg,3.937928139384139,0.48142678232059033,0.6948689666172974
Amazon,"Miss Sally Nail Clipper Set Sharp Stainless Steel 4 Pcs Nail Cutters for Thick Nails, Professional Black Toenail and Fingernail Clippers with Nail File and Cuticle Trimmer for Men & Women",https://www.amazon.in/Miss-Sally-Stainless-Professional-Fingernail/dp/B09L6BDNMY,5688,4.5,35,,https://m.media-amazon.com/images/I/71o9s1GyZYL._AC_UL320_.jpg,3.298053478189255,0.2326031901558871,0.40451584049793327
Amazon,Nail Clippers Sets Stainless Steel Nail Cutter Pedicure Kit 5 Piece Nail File Sharp Nail Scissors Manicure Fingernails & Toenails with Portable Travel Case (Primary Color of Stainless Steel_A),https://www.amazon.in/Clippers-Stainless-Pedicure-Scissors-Fingernails/dp/B07QCMZWKY,3098,4.4,31,,https://m.media-amazon.com/images/I/611cOrG442L._AC_UL320_.jpg,3.129775282004242,0.29909573263670575,0.4352996026152581
Amazon,Mermaid Nail Clipper Set 4 Pieces Stainless Steel Fingernails and Toenails Clippers Nail Cutter with Nail File Christmas Birthday Stocking Stuffers for Girls Women Kids Manicure Accessories,https://www.amazon.in/Stainless-Fingernails-Toenails-Christmas-Accessories/dp/B09M31NKQB,2618,4.4,55,,https://m.media-amazon.com/images/I/71pk039Tg3L._AC_UL320_.jpg,3.559091418230385,0.36999179179156066,0.5505606830485914
Amazon,"ONNPNN 2 Pieces Professional Acrylic Nail Clipper, Stainless Steel Fake Nail Tip Cutter, Adjustable Nail Art Cuticle Edge Trimmer, U-shaped Fingernail Scissors, for Pedicure Salon Home Nail Art Design",https://www.amazon.in/ONNPNN-Professional-Stainless-Adjustable-Fingernail/dp/B08GQX4PV8,3116,4.0,134,,https://m.media-amazon.com/images/I/618UTFF9-nL._AC_UL320_.jpg,3.6978340758609125,0.35235988766570686,0.5582267676918011
Flipkart,"maycreate leegoal Toe Nail Clipper for Ingrown or Thick Toenails, Heavy Duty Toenail Trimmer Nail Clipper Pedicure Tool with Long Handle and Soft Grip for Seniors",https://www.flipkart.com/maycreate-leegoal-toe-nail-clipper-ingrown-thick-toenails-heavy-duty-toenail-trimmer-pedicure-tool-long-handle-soft-grip-seniors/p/itm5cc4b9ac9869f,289,4.2,628,,https://rukminim1.flixcart.com/image/612/612/kgtqhe80/nail-clipper-cutter/k/6/a/leegoal-toe-nail-clipper-for-ingrown-or-thick-toenails-heavy-original-imafwz57gchevfd4.jpeg?q=70,4.1843436210241585,1.3092307216434433,1.2176022492933498
Flipkart,SYGA Nail Pack of 3 Clipper Set - Black Stainless Steel Deluxe Fingernail and Toenail Clipper Cutter,https://www.flipkart.com/syga-nail-pack-3-clipper-set-black-stainless-steel-deluxe-fingernail-toenail-cutter/p/itm96fd1508e7d99,279,4.1,633,,https://rukminim1.flixcart.com/image/612/612/k05ljm80/nail-clipper-cutter/v/p/z/nail-pack-of-3-clipper-set-black-stainless-steel-deluxe-original-imafky8kddrdnest.jpeg?q=70,4.085052201585832,1.300868136336107,1.184906971507747
Flipkart,Beauté Secrets 15mm Wide Jaw Opening Nail Clippers for Thick Nails Fingernails and Toenails Clippers for Ingrown Toenails Oversized Stainless Steel Nail Clipper and Nail Filer Set,https://www.flipkart.com/beaut-secrets-15mm-wide-jaw-opening-nail-clippers-thick-nails-fingernails-toenails-ingrown-oversized-stainless-steel-clipper-filer-set/p/itm50e93cb694e85,474,4.5,116,,https://rukminim1.flixcart.com/image/612/612/kmf7ki80/nail-clipper-cutter/h/l/h/15mm-wide-jaw-opening-nail-clippers-for-thick-nails-fingernails-original-imagfbtghqzgxgr4.jpeg?q=70,4.09312619464713,1.0000085906524367,1.0409431364266617
Flipkart,"maycreate Nail Clippers for Thick Nails, Nail Cutting Trimmer Toenail Clippers, Stainless Steel Toenail Clippers Set with Nail File, Big Nail Cutter for Men, Women",https://www.flipkart.com/maycreate-nail-clippers-thick-nails-cutting-trimmer-toenail-clippers-stainless-steel-set-file-big-cutter-men-women/p/itm7f6440ed0e385,599,4.4,90,,https://rukminim1.flixcart.com/image/612/612/kr3tj0w0/nail-clipper-cutter/a/x/l/nail-clippers-for-thick-nails-nail-cutting-trimmer-toenail-original-imag4z2uggugwynq.jpeg?q=70,3.870234626027583,0.8411271474845098,0.9026889479192611
Flipkart,"Beauté Secrets Nail Cutter Clippers With Curved Nail File, Fingernail and Toenail Clipper Cutter, Stainless Steel Nail Trimmer Korean Design",https://www.flipkart.com/beaut-secrets-nail-cutter-clippers-curved-file-fingernail-toenail-clipper-cutter-stainless-steel-trimmer-korean-design/p/itmf92c00a0f856a,399,4.4,537,,https://rukminim1.flixcart.com/image/612/612/k3j1z0w0/nail-clipper-cutter/n/d/q/nail-cutter-clippers-with-curved-nail-file-fingernail-and-original-imafmn2tfjhhq2zd.jpeg?q=70,4.375011988071422,1.1650124505147486,1.2009212696731983
Flipkart,"Beauté Secrets Korean Design Stainless Steel Toenail/Fingernail Clipper/Nail Filer Set Of 2 For Thick Nails, Professional Nail Cutter",https://www.flipkart.com/beaut-secrets-korean-design-stainless-steel-toenail-fingernail-clipper-nail-filer-set-2-thick-nails-professional-nail-cutter/p/itma19e2b4488512,399,4.4,332,,https://rukminim1.flixcart.com/image/612/612/jzog9e80/nail-clipper-cutter/3/t/3/korean-design-stainless-steel-toenail-fingernail-clipper-nail-original-imafjn77ynxrx5uk.jpeg?q=70,4.3245484435283466,1.1515746227213433,1.1802032746405133
Flipkart,"Beauté Secrets 2 Pieces Nail Cutter Set with Catcher, No Splash Fingernail Toenail Clippers Nail Cutter Set, Black Stainless Steel, Good Gift for Women and Men",https://www.flipkart.com/beaut-secrets-2-pieces-nail-cutter-set-catcher-no-splash-fingernail-toenail-clippers-set-black-stainless-steel-good-gift-women-men/p/itm04210a5ef2776,449,4.5,154,,https://rukminim1.flixcart.com/image/612/612/kg6vfrk0/nail-clipper-cutter/q/t/k/2-pieces-nail-cutter-set-with-catcher-no-splash-fingernail-original-imafwhe7r563dq9u.jpeg?q=70,4.217777990837049,1.0587619201850336,1.1037046663843901
Flipkart,"Beauté Secrets Nail Cutter Set With Nail Filer, Fingernail &Toenail Clipper with Sharp and Sturdy Blade, Premium Stainless Steel Nail Set with 17mm Wide Jaw Opening for Thick Nails -Black",https://www.flipkart.com/beaut-secrets-nail-cutter-set-filer-fingernail-toenail-clipper-sharp-sturdy-blade-premium-stainless-steel-17mm-wide-jaw-opening-thick-nails-black/p/itmff3220f060660,799,4.1,32,,https://rukminim1.flixcart.com/image/612/612/kmgn0cw0/nail-clipper-cutter/5/f/h/nail-cutter-set-with-nail-filer-fingernail-toenail-clipper-with-original-imagfcqqynqeheyr.jpeg?q=70,2.939679306050274,0.5531772776332873,0.5560349975867308
Flipkart,Beauté Secrets 18 in 1 Stainless Steel Manicure Pedicure Set Nail Cutter Scissors Care Set Tweezers Knife Ear Pick Eyebrow Scissors Utility Tools Grooming Kits with Leather Case,https://www.flipkart.com/beaut-secrets-18-1-stainless-steel-manicure-pedicure-set-nail-cutter-scissors-care-tweezers-knife-ear-pick-eyebrow-utility-tools-grooming-kits-leather-case/p/itmdcfafc04c267d,399,4.3,4023,,https://rukminim1.flixcart.com/image/612/612/jvif0y80/manicure-kit/u/t/h/18-18-in-1-stainless-steel-manicure-pedicure-set-nail-cutter-original-imaffmvuyhpqxk8c.jpeg?q=70,4.2999969327788605,1.1450368541894889,1.1701671023760356
Flipkart,Beauté Secrets Nail Clippers Set High Precision Stainless Steel Nail Cutter Pedicure Kit Nail Filer Sharp Nail Scissors and Clipper Manicure Pedicure Kit Fingernails & Toenails with Portable stylish case,https://www.flipkart.com/beaut-secrets-nail-clippers-set-high-precision-stainless-steel-cutter-pedicure-kit-filer-sharp-scissors-clipper-manicure-fingernails-toenails-portable-stylish-case/p/itmbf06fcbf4e037,499,4.3,271,,https://rukminim1.flixcart.com/image/612/612/ktszgy80/manicure-kit/9/j/x/300-nail-clippers-set-high-precision-stainless-steel-nail-cutter-original-imag72ay44hrazd7.jpeg?q=70,4.190823718579548,0.9978996896343681,1.0646646709139254
Flipkart,"Beauté Secrets 12 in 1 Manicure Pedicure kit with Nail cutter, Scissor, Tweezers, Blackhead Remover with Leather Case",https://www.flipkart.com/beaut-secrets-12-1-manicure-pedicure-kit-nail-cutter-scissor-tweezers-blackhead-remover-leather-case/p/itm6b008337da0a0,449,4.3,76,,https://rukminim1.flixcart.com/image/612/612/k0zlsi80/manicure-kit/h/9/r/0-24-pedicure-manicure-set-12-in-1-stainless-steel-rozia-original-imafknwhnajgta6e.jpeg?q=70,3.6853518922552224,0.9251103909400702,0.9014585202707824
Flipkart,maycreate Nail Clipper Cutter Nail Cutting Trimmer Toenail Fingernail Cutter Stainless Steel Toenail Clippers for Thick Nails,https://www.flipkart.com/maycreate-nail-clipper-cutter-cutting-trimmer-toenail-fingernail-stainless-steel-clippers-thick-nails/p/itm293a1dd509cc3,499,4.3,95,,https://rukminim1.flixcart.com/image/612/612/kgsb1jk0/nail-clipper-cutter/9/t/w/nail-clipper-cutter-nail-cutting-trimmer-toenail-fingernail-original-imafwyb5ywrfqqky.jpeg?q=70,3.8114528446906744,0.9075656401176443,0.923420644720782
Flipkart,GUBB Curved Finger & Toe Nail Cutter | Quality Stainless Steel | Sharp Curved Blades,https://www.flipkart.com/gubb-curved-finger-toe-nail-cutter-quality-stainless-steel-sharp-blades/p/itm6811f2fae8dee,166,4.0,189,,https://rukminim1.flixcart.com/image/612/612/ktx9si80/nail-clipper-cutter/g/h/j/nail-cutter-for-men-and-women-curved-nail-clipper-gb-6241-gubb-original-imag753g3zh2rnru.jpeg?q=70,3.8138909120986306,1.5745338075094886,1.2170663859946746
Flipkart,Kaiv big size nail cutter,https://www.flipkart.com/kaiv-big-size-nail-cutter/p/itmcc3bb1cfd5c59,110,4.2,1439,,https://rukminim1.flixcart.com/image/612/612/ki96c280-0/nail-clipper-cutter/l/v/2/big-size-nail-cutter-set-nail-cutter02-kaiv-original-imafy2wanqx9nmwb.jpeg?q=70,4.199114782515207,2.129605554128592,1.5583942517682847
Flipkart,Kaiv big size nail cutter,https://www.flipkart.com/kaiv-big-size-nail-cutter/p/itm9eb2fdb2196a8,98,4.2,830,,https://rukminim1.flixcart.com/image/612/612/kg6vfrk0/nail-clipper-cutter/k/n/m/big-size-nail-cutter-3104-kaiv-original-imafwgtkvjzz8vfg.jpeg?q=70,4.193218919593258,2.253057450828952,1.6006768930790998
Flipkart,"GUBB Toe Nail Clipper For Men And Women, Professional Nail Cutter",https://www.flipkart.com/gubb-toe-nail-clipper-men-women-professional-cutter/p/itm313d58e34385a,166,4.4,3331,,https://rukminim1.flixcart.com/image/612/612/ktx9si80/nail-clipper-cutter/h/k/1/toe-nail-clipper-for-men-and-women-professional-nail-cutter-original-imag753ebxgzkrxq.jpeg?q=70,4.399988771827004,1.8164995364515049,1.508131530796298
Flipkart,"GUBB Fingers & Toe Nail Clipper Set, Sharp Stainless Steel Blade, Sturdy Nail Trimmer",https://www.flipkart.com/gubb-fingers-toe-nail-clipper-set-sharp-stainless-steel-blade-sturdy-trimmer/p/itm4ce3fc4de0504,177,4.1,1375,,https://rukminim1.flixcart.com/image/612/612/xif0q/nail-clipper-cutter/c/f/c/fingers-toe-nail-clipper-set-sharp-stainless-steel-blade-sturdy-original-imaggsh9rnhyntrq.jpeg?q=70,4.098954643563954,1.6387935527202009,1.3344590216156123
Flipkart,"Beauté Secrets Manicure Kit, pedicure tools for feet, Nail Cutters, Manicure Pedicure kit for women and Men",https://www.flipkart.com/beaut-secrets-manicure-kit-pedicure-tools-feet-nail-cutters-kit-women-men/p/itm8ef9d71058780,549,4.3,1139,,https://rukminim1.flixcart.com/image/612/612/ke8uv0w0/manicure-kit/x/f/t/19-manicure-kit-pedicure-tools-for-feet-nail-cutters-manicure-original-imafuz33zmxptxgp.jpeg?q=70,4.297694074620459,0.9756343725889826,1.0795656309044275
Flipkart,BELLA HARARO 18 in 1 Stainless Steel Manicure Pedicure Set Nail Cutter Scissors Care Set Tweezers Knife Ear Pick Eyebrow Scissors Utility Tools Grooming Kits with Hard Leather Case,https://www.flipkart.com/bella-hararo-18-1-stainless-steel-manicure-pedicure-set-nail-cutter-scissors-care-tweezers-knife-ear-pick-eyebrow-utility-tools-grooming-kits-hard-leather-case/p/itmd212bdbec6ebe,399,4.0,67,,https://rukminim1.flixcart.com/image/612/612/ksqeky80/manicure-kit/n/i/r/250-18-in-1-stainless-steel-manicure-pedicure-set-nail-cutter-original-imag68hapzgy2bdd.jpeg?q=70,3.3561015973319135,0.893689013137462,0.8068602397121883
Flipkart,virkart Nail Art Combo 1 pusher 1 cuticle cutter 1 filer 1 buffer,https://www.flipkart.com/virkart-nail-art-combo-1-pusher-cuticle-cutter-filer-buffer/p/itme41154d154122,307,4.3,89,,https://rukminim1.flixcart.com/image/612/612/kolsscw0/nail-art/f/i/3/nail-art-combo-1-pusher-1-cuticle-cutter-1-filer-1-buffer-multi-original-imag3ffgkgwkrbb5.jpeg?q=70,3.776132783363621,1.1463463085029946,1.0281942759026432
Flipkart,"THR3E STROKES Nail Cutter for Men & Women,Podiatrist Toenail Cuticle Cutter,Professional Thick & Ingrown Toe Nail Clippers,Pedicure Clippers Toenail Cutters,Super Sharp Curved Blade Grooming Tool",https://www.flipkart.com/thr3e-strokes-nail-cutter-men-women-podiatrist-toenail-cuticle-cutter-professional-thick-ingrown-toe-clippers-pedicure-clippers-cutters-super-sharp-curved-blade-grooming-tool/p/itma0a2540adc4dc,325,4.1,134,,https://rukminim1.flixcart.com/image/612/612/ku5ufm80/nail-clipper-cutter/v/c/q/nail-cutter-for-men-women-podiatrist-toenail-cuticle-cutter-original-imag7cjqsdeugthu.jpeg?q=70,3.790279927757435,1.1183232970292074,1.0193538738903531
Flipkart,PDL OMUDA NAIL CUTTER STAINLESS STEEL,https://www.flipkart.com/pdl-omuda-nail-cutter-stainless-steel/p/itm869b2da9a0aed,208,4.0,608,,https://rukminim1.flixcart.com/image/612/612/koono280/nail-clipper-cutter/k/9/a/omuda-nail-cutter-stainless-steel-omuda-black-pdl-original-imag33eyyypug7kq.jpeg?q=70,3.9836887882215604,1.4692358034549275,1.228007900408476
Flipkart,ABADRO 6 PCS Ear Cleansing Tool Set Ear Curette Ear Wax Remover Tool,https://www.flipkart.com/abadro-6-pcs-ear-cleansing-tool-set-curette-wax-remover/p/itm4e6c712dd3710,178,4.2,35,,https://rukminim1.flixcart.com/image/612/612/l52sivk0/nail-clipper-cutter/r/v/i/6-pcs-ear-cleansing-tool-set-innovative-spring-ear-wax-cleaner-original-imagftye92xp5ppx.jpeg?q=70,3.0781832463099716,1.2272194680718924,0.8672126298200477
Flipkart,KIRA Edge Cutter,https://www.flipkart.com/kira-edge-cutter/p/itmade00b25333b7,275,4.1,59,,https://rukminim1.flixcart.com/image/612/612/kl2mljk0/nail-clipper-cutter/c/c/a/toe-cutter-toe-nail-clipper-for-ingrown-or-thick-toenails-heavy-original-imagya9hxhrcqfan.jpeg?q=70,3.3614091512471673,1.0781837905117766,0.8876418772974487
Flipkart,Kaiv big size nail cutter steel,https://www.flipkart.com/kaiv-big-size-nail-cutter-steel/p/itmff87cf2a07db3,157,4.0,325,,https://rukminim1.flixcart.com/image/612/612/knxiavk0/nail-clipper-cutter/e/u/l/big-size-nail-cutter-steel-3104-nail-clipper-03-kaiv-original-imag2g6rsmf76uyk.jpeg?q=70,3.9283873266900375,1.6676397646121783,1.2901358053344398
Flipkart,Blumfye Imported Nail Cutter/Clipper | Assorted Color |,https://www.flipkart.com/blumfye-imported-nail-cutter-clipper-assorted-color/p/itm32f189d03f19c,145,4.0,106,,https://rukminim1.flixcart.com/image/612/612/k5pn6vk0/nail-clipper-cutter/v/u/8/imported-nail-cutter-clipper-assorted-color-imported-nail-cutter-original-imafzcfhyumzabsd.jpeg?q=70,3.597921972748696,1.5892986215753342,1.1535183299134117
Flipkart,"maycreate Toe Nail Clipper for Ingrown or Thick Toenails, 5PCS Stainless Steel Toenail Clipper, Professional Pedicure Tools Kit with Nail File (Black)",https://www.flipkart.com/maycreate-toe-nail-clipper-ingrown-thick-toenails-5pcs-stainless-steel-toenail-clipper-professional-pedicure-tools-kit-file-black/p/itm916fd3094bb72,569,4.2,63,,https://rukminim1.flixcart.com/image/612/612/ktizdzk0/nail-clipper-cutter/7/m/m/toe-nail-clipper-for-ingrown-or-thick-toenails-5pcs-stainless-original-imag6urz4hew6hfr.jpeg?q=70,3.4854215603382537,0.7772074364000643,0.7814366804083263
Flipkart,Vagmine Multicolour,https://www.flipkart.com/vagmine-multicolour/p/itm58dcb8a4f4d1c,150,4.0,103,,https://rukminim1.flixcart.com/image/612/612/kgsb1jk0/nail-clipper-cutter/x/w/v/multicolour-stainless-steel-nail-cutter-fingernail-clipper-original-imafwxggdz4wyeyh.jpeg?q=70,3.584538506726895,1.5567733476989267,1.1374071395995518
Flipkart,GUBB Curved Finger & Toe Nail Cutter | Premium Quality |Sharp Curved Blades | Pack of 2,https://www.flipkart.com/gubb-curved-finger-toe-nail-cutter-premium-quality-sharp-blades-pack-2/p/itmf617bc7cc5cfd,273,4.2,36,,https://rukminim1.flixcart.com/image/612/612/kl175ow0/nail-clipper-cutter/u/z/f/nail-clipper-curved-nail-cutter-for-men-women-pack-of-2-ncc-02-original-imagy8tjydrwkrf8.jpeg?q=70,3.0989952000000005,0.9976480251687134,0.7871900267224525
Flipkart,"Youstylo Large Nail Clippers, Toe Nail Clippers-Thick Nail Clippers for Men and Women with Endogenous or Thick Toenails Cutter Stainless Steel with with dead leather fork",https://www.flipkart.com/youstylo-large-nail-clippers-toe-clippers-thick-clippers-men-women-endogenous-thick-toenails-cutter-stainless-steel-dead-leather-fork/p/itm88e092261ccfa,589,4.3,41,,https://rukminim1.flixcart.com/image/612/612/kkcwo7k0/nail-clipper-cutter/n/o/d/large-nail-clippers-toe-nail-clippers-thick-nail-clippers-for-original-imafzpy6yqteetjh.jpeg?q=70,3.269752421480404,0.7166300081450979,0.703934695157403
Flipkart,VEGA NAIL CLIPPER,https://www.flipkart.com/vega-nail-clipper/p/itm3fedcc5604057,237,4.3,46,,https://rukminim1.flixcart.com/image/612/612/kmds4nk0/nail-clipper-cutter/q/c/k/nail-clipper-lnc02-vega-original-imagfakayxbd9mzx.jpeg?q=70,3.3533427426088154,1.1586213813547541,0.9179493528468142
Flipkart,"Omuda Premium quality high quality stainless steel nail clipper, Professional nail cutter, Heavy Duty, Heavy Gauge.",https://www.flipkart.com/omuda-premium-quality-high-stainless-steel-nail-clipper-professional-cutter-heavy-duty-gauge/p/itm2741af7488b49,284,4.0,108,,https://rukminim1.flixcart.com/image/612/612/ke1pnrk0/nail-clipper-cutter/h/b/v/premium-quality-high-quality-stainless-steel-nail-clipper-original-imafusnrsxvwvss9.jpeg?q=70,3.6065028478675654,1.1383213373903276,0.9785628489304151
Flipkart,"Beauté Secrets Manicure Pedicure kit,18pcs Stainless Steel Nail Clippers Pedicure Set with Black Leather Storage Case",https://www.flipkart.com/beaut-secrets-manicure-pedicure-kit-18pcs-stainless-steel-nail-clippers-set-black-leather-storage-case/p/itmaecf93c4f7612,549,4.3,114,,https://rukminim1.flixcart.com/image/612/612/kl8ccy80/manicure-kit/l/z/s/18-manicure-pedicure-kit-18pcs-stainless-steel-nail-clippers-original-imagyegm6u5awzbk.jpeg?q=70,3.9030345922087704,0.8860413606566419,0.934328086230729
Flipkart,"Miss Hot Manicure Pedicure Set Nail Clippers, Esup 16 in 1 Stainless Steel Professional Pedicure Kit Nail Scissors Grooming Kit with Leather Travel Case",https://www.flipkart.com/miss-hot-manicure-pedicure-set-nail-clippers-esup-16-1-stainless-steel-professional-kit-scissors-grooming-leather-travel-case/p/itm466fdb1a38f43,280,4.1,4124,,https://rukminim1.flixcart.com/image/612/612/kdrpksw0/manicure-kit/x/a/u/250-manicure-pedicure-set-nail-clippers-esup-16-in-1-stainless-original-imafuhtcgbf4hfug.jpeg?q=70,4.09999754879257,1.3032938579807507,1.1903502770573005
Flipkart,BELLA HARARO 16 in 1 Stainless Steel Manicure Pedicure Set Nail Cutter Scissors Care Set Tweezers Knife Ear Pick Eyebrow Scissors Utility Tools Grooming Kits with Red Leather Case,https://www.flipkart.com/bella-hararo-16-1-stainless-steel-manicure-pedicure-set-nail-cutter-scissors-care-tweezers-knife-ear-pick-eyebrow-utility-tools-grooming-kits-red-leather-case/p/itm39962b4ad7900,299,4.0,1300,,https://rukminim1.flixcart.com/image/612/612/kskotjk0/manicure-kit/p/k/y/16-16-in-1-stainless-steel-manicure-pedicure-set-nail-cutter-original-imag6484kwhvztxs.jpeg?q=70,3.99871790625535,1.2300504960193885,1.1278523367830384
Flipkart,Oriflame Sweden Milk & Honey Gold nourishing Hand & Body Cream 250ml (31602) With Nail Cutter,https://www.flipkart.com/oriflame-sweden-milk-honey-gold-nourishing-hand-body-cream-250ml-31602-nail-cutter/p/itmf3v9hpnttthhf,401,4.3,180,,https://rukminim1.flixcart.com/image/612/612/jbs96kw0/combo-kit/v/b/e/milk-honey-gold-nourishing-hand-body-cream-250ml-31602-with-nail-original-imaff2c2wbjh56he.jpeg?q=70,4.08458090607975,1.0849583928255024,1.0819920024866978
Flipkart,GUBB Gold Nail Clipper | Premium & Antique | Ultra Sharp Sturdy | Quality Nail Cutter,https://www.flipkart.com/gubb-gold-nail-clipper-premium-antique-ultra-sharp-sturdy-quality-cutter/p/itmff0b9993c8511,251,4.3,715,,https://rukminim1.flixcart.com/image/612/612/ktszgy80/nail-clipper-cutter/8/o/p/nail-cutter-for-men-and-women-gold-nail-clipper-gb-6258-gubb-original-imag72kfhffzj8w6.jpeg?q=70,4.288980935591081,1.4399752322460624,1.3088854288132983
Flipkart,GUBB Nail Pusher & Cuticle Remover,https://www.flipkart.com/gubb-nail-pusher-cuticle-remover/p/itmeehxujg8thxny,161,4.3,308,,https://rukminim1.flixcart.com/image/612/612/kvcpn680/nail-clipper-cutter/r/5/u/nail-pusher-cuticle-remover-hit0120315-gubb-original-imag89husuy3bbvu.jpeg?q=70,4.214354484105947,1.766671861811556,1.4245543225159483
Flipkart,GUBB Toe Nail Cutter | Ultra Sharp | Fingernail Cutters | Quality Steel | Pack of 2,https://www.flipkart.com/gubb-toe-nail-cutter-ultra-sharp-fingernail-cutters-quality-steel-pack-2/p/itmc28a5a0173680,264,4.4,66,,https://rukminim1.flixcart.com/image/612/612/kkmwr680/nail-clipper-cutter/l/o/f/toe-nail-clipper-for-men-and-women-professional-nail-cutter-tnc-original-imafzxqwkk3prep9.jpeg?q=70,3.6819544269252824,1.2053528871861874,1.028029366966543
Flipkart,Bell high quality premium strong stainless steel nailcutter ( pack of 2 ),https://www.flipkart.com/bell-high-quality-premium-strong-stainless-steel-nailcutter-pack-2/p/itmfh2bdhvvggyj4,188,4.0,346,,https://rukminim1.flixcart.com/image/612/612/jwdupow0/nail-clipper-cutter/c/n/s/high-quality-premium-strong-stainless-steel-nailcutter-pack-of-2-original-imafhfr8sykqchgv.jpeg?q=70,3.936987088282444,1.5272946589959455,1.23735812093963
Flipkart,"Faigy Manicure Pedicure Set Nail Clippers - 12 Piece Stainless Steel Manicure Kit - tools for nail, Cutter Kits Includes Cuticle Remover with Portable Travel Case",https://www.flipkart.com/faigy-manicure-pedicure-set-nail-clippers-12-piece-stainless-steel-kit-tools-nail-cutter-kits-includes-cuticle-remover-portable-travel-case/p/itmc2208acdc3926,280,4.3,85,,https://rukminim1.flixcart.com/image/612/612/krme93k0/manicure-kit/d/r/o/100-manicure-pedicure-set-nail-clippers-12-piece-stainless-steel-original-imag5djcexyf73t9.jpeg?q=70,3.7504562381994595,1.192182805404463,1.0414190920604312
Flipkart,DOCOSS Pack Of 2-Quality Gold Nail Cutter Clippers Toe Nails & Fingernail With Filer For Men Women-27,https://www.flipkart.com/docoss-pack-2-quality-gold-nail-cutter-clippers-toe-nails-fingernail-filer-men-women-27/p/itmffcgtybrf3gtg,395,4.1,59,,https://rukminim1.flixcart.com/image/612/612/jc5458w0/nail-clipper-cutter/a/z/u/pack-of-2-quality-gold-nail-cutter-clippers-toe-nails-fingernail-original-imaffcgtqymzuf77.jpeg?q=70,3.3614091512471673,0.8996230978506727,0.8108148288001794
Flipkart,Beauté Secrets Toenail Clippers for Thick & Ingrown Toe Nails Heavy Duty Precision Nail Scissors Super Sharp Curved Blade Grooming Tool,https://www.flipkart.com/beaut-secrets-toenail-clippers-thick-ingrown-toe-nails-heavy-duty-precision-nail-scissors-super-sharp-curved-blade-grooming-tool/p/itmedcc692d98bf2,599,4.5,192,,https://rukminim1.flixcart.com/image/612/612/khp664w0-0/nail-clipper-cutter/n/z/c/toenail-clippers-for-thick-ingrown-toe-nails-heavy-duty-original-imafxnh8chc4zygt.jpeg?q=70,4.295643722335413,0.9335823018270873,1.0555396827748373
Flipkart,"MyJerry Toe Nail Clipper for Ingrown or Thick Toenails, Heavy Duty Toenail Trimmer Nail Clipper Pedicure Tool with Soft Grip Handle",https://www.flipkart.com/myjerry-toe-nail-clipper-ingrown-thick-toenails-heavy-duty-toenail-trimmer-pedicure-tool-soft-grip-handle/p/itm01e884fc861eb,390,4.2,50,,https://rukminim1.flixcart.com/image/612/612/knni7ww0/nail-clipper-cutter/5/u/a/toe-nail-clipper-for-ingrown-or-thick-toenails-heavy-duty-original-imag29gzkcsb8jv8.jpeg?q=70,3.3330540606477306,0.8977343056094176,0.803130787277541
Flipkart,BeautyQua Toe Thick & Ingrown Toe Nail Clippers for Pedicure Clippers Toenail Cutters,https://www.flipkart.com/beautyqua-toe-thick-ingrown-nail-clippers-pedicure-toenail-cutters/p/itm059b37c090e1d,410,4.2,45,,https://rukminim1.flixcart.com/image/612/612/kyeqjrk0/nail-clipper-cutter/y/h/b/toe-thick-ingrown-toe-nail-clippers-for-pedicure-clippers-original-imagankzcsg778z3.jpeg?q=70,3.2599365661243667,0.856357268392246,0.7671965646362601
Flipkart,Kai Nail Clipper for Men and Women Black,https://www.flipkart.com/kai-nail-clipper-men-women-black/p/itmb967872e42fad,350,4.3,145,,https://rukminim1.flixcart.com/image/612/612/k7531jk0/nail-clipper-cutter/h/p/6/nail-clipper-type001-black-medium-nail-clipper-type001-black-original-imafpfxuhqhqsczk.jpeg?q=70,4.007236204883321,1.1393277817372858,1.087775548303393
Flipkart,DOCOSS 18 IN 1Manicure Pedicure Kit For Women Rose Gold Pedicure Set / Nail Cutter Set / Manicure Kit /Nail Pedicure Set / Pedicure Kits Manicure Pedicure Kit With Nail Cutter,https://www.flipkart.com/docoss-18-1manicure-pedicure-kit-women-rose-gold-set-nail-cutter-manicure-nail-kits/p/itme036a25b55d78,595,4.0,315,,https://rukminim1.flixcart.com/image/612/612/kuipea80/manicure-kit/g/a/e/270-18-in-1manicure-pedicure-kit-for-women-rose-gold-pedicure-original-imag7mkbfukskmy8.jpeg?q=70,3.9237784308671624,0.8556255799096141,0.9230311581123227
Flipkart,DOCOSS 12 IN 1 Manicure Pedicure Kit For Women Pedicure Set Professional / Manicure Kit Nail Pedicure Set / Nail Cutter Set / Pedicure Kits/ Manicure Pedicure Kit With Nail Cutter,https://www.flipkart.com/docoss-12-1-manicure-pedicure-kit-women-set-professional-nail-cutter-kits/p/itm9353866e4a248,499,4.4,65,,https://rukminim1.flixcart.com/image/612/612/kufuikw0/pedicure-kit/q/2/r/230-12-in-1-manicure-pedicure-kit-for-women-pedicure-set-original-imag7kgat5p8czkz.jpeg?q=70,3.6719869350900645,0.8743566584828368,0.8732034524762308
Flipkart,BELLA HARARO 18 in 1 Stainless Steel Manicure Pedicure Set Nail Cutter Scissors Care Set Tweezers Knife Ear Pick Eyebrow Scissors Utility Tools Grooming Kits with Leather Case,https://www.flipkart.com/bella-hararo-18-1-stainless-steel-manicure-pedicure-set-nail-cutter-scissors-care-tweezers-knife-ear-pick-eyebrow-utility-tools-grooming-kits-leather-case/p/itma50749ef66fac,379,4.2,1548,,https://rukminim1.flixcart.com/image/612/612/kr83ukw0/manicure-kit/e/h/z/18-18-in-1-stainless-steel-manicure-pedicure-set-nail-cutter-original-imag524czznvfnjy.jpeg?q=70,4.199353809492067,1.1473624409908503,1.1439387918211021
Flipkart,Beauté Secrets Toenail Clippers for Thick or Ingrown Toenails Surgical Grade Nail Clippers,https://www.flipkart.com/beaut-secrets-toenail-clippers-thick-ingrown-toenails-surgical-grade-nail/p/itm4f24cfab9f311,474,4.4,47,,https://rukminim1.flixcart.com/image/612/612/kg6vfrk0/nail-clipper-cutter/u/f/z/toenail-clippers-for-thick-or-ingrown-toenails-surgical-grade-original-imafwhe7kfhh4zc6.jpeg?q=70,3.4470478373646096,0.8421625148676088,0.8044800337878514
Flipkart,"Omuda Premium quality high quality stainless steel nail clipper, Professional nail cutter, Heavy Duty nail cutter , Heavy Gauge. (Blue)",https://www.flipkart.com/omuda-premium-quality-high-stainless-steel-nail-clipper-professional-cutter-heavy-duty-cutter-gauge-blue/p/itm41d416c6adf59,261,4.1,99,,https://rukminim1.flixcart.com/image/612/612/kfu0h3k0/nail-clipper-cutter/u/n/u/premium-quality-high-quality-stainless-steel-nail-clipper-original-imafw7ngkmgxkwj9.jpeg?q=70,3.6548140988150797,1.2033246272711116,1.0195926594829434
Flipkart,HASTHIP Nail Clipper Cutter Nail Cutting Trimmer Toenail Fingernail Cutter Stainless Steel Toenail Clippers for Thick Nails with Nail File,https://www.flipkart.com/hasthip-nail-clipper-cutter-cutting-trimmer-toenail-fingernail-stainless-steel-clippers-thick-nails-file/p/itm6658ba11ef8bf,596,4.3,75,,https://rukminim1.flixcart.com/image/612/612/xif0q/nail-clipper-cutter/k/0/x/nail-clipper-cutter-nail-cutting-trimmer-toenail-fingernail-original-imagjh3wdwq4hvyy.jpeg?q=70,3.677408590335011,0.8012287483564833,0.8371246955781518
Flipkart,Bell Original Nail Cutter,https://www.flipkart.com/bell-original-nail-cutter/p/itmevsf9rdkxcgsp,148,4.1,67,,https://rukminim1.flixcart.com/image/612/612/j4zwvww0/nail-clipper-cutter/g/f/j/original-nail-cutter-01-bell-original-imaevscwf4mkjenb.jpeg?q=70,3.440004137265211,1.5040624688460342,1.0729065782971914
Flipkart,iSweven Nail Cutter for men Clipper Trimmer Toenail Fingernail 01,https://www.flipkart.com/isweven-nail-cutter-men-clipper-trimmer-toenail-fingernail-01/p/itm8156b304dac0f,599,4.3,98,,https://rukminim1.flixcart.com/image/612/612/k2dm7bk0/nail-clipper-cutter/z/w/3/nail-cutter-for-men-clipper-trimmer-toenail-fingernail-01-nc-original-imafhqkgmgcymz4q.jpeg?q=70,3.8278192556128268,0.8319089157818284,0.8878903137878177
Flipkart,SYGA 7 Pieces Black Nail Clippers Nail Scissors Beauty Nail Tool Manicure Set with Leather Case,https://www.flipkart.com/syga-7-pieces-black-nail-clippers-scissors-beauty-tool-manicure-set-leather-case/p/itmfg96fzgrgs7ap,299,4.1,117,,https://rukminim1.flixcart.com/image/612/612/xif0q/manicure-kit/j/s/u/120-7-pieces-black-nail-clippers-nail-scissors-beauty-nail-tool-original-imagghnh5chnzq7z.jpeg?q=70,3.7331049996485324,1.1483449856082215,1.0173640812929967
Flipkart,BELLA HARARO 16 in 1 Stainless Steel Manicure Pedicure Set Nail Cutter Scissors Care Set Tweezers Knife Ear Pick Eyebrow Scissors Utility Tools Grooming Kits with Leather Case,https://www.flipkart.com/bella-hararo-16-1-stainless-steel-manicure-pedicure-set-nail-cutter-scissors-care-tweezers-knife-ear-pick-eyebrow-utility-tools-grooming-kits-leather-case/p/itma3ea5efd3283f,289,4.1,999,,https://rukminim1.flixcart.com/image/612/612/ks243gw0/manicure-kit/i/c/l/16-16-in-1-stainless-steel-manicure-pedicure-set-nail-cutter-original-imag5pgnmshwu3n9.jpeg?q=70,4.096453884882365,1.2817310817726129,1.1794418513771057
Flipkart,AKSHAT TAILORING SCISSOR 9.5 INCH STAINLESS STEEL SCISSORS GOLD COLOUR HANDLE Scissors,https://www.flipkart.com/akshat-tailoring-scissor-9-5-inch-stainless-steel-scissors-gold-colour-handle/p/itmc8e1eb2a11415,279,4.4,41,,https://rukminim1.flixcart.com/image/612/612/k0flmkw0/scissor/v/y/h/tailoring-scissor-9-5-inch-stainless-steel-scissors-gold-colour-original-imafk82wywzzshag.jpeg?q=70,3.345793175468321,1.0654541283579946,0.878287041803501
Flipkart,METTSTONE hevy duty nail cutter,https://www.flipkart.com/mettstone-hevy-duty-nail-cutter/p/itmfhpjz8jvqmzqg,159,4.2,47,,https://rukminim1.flixcart.com/image/612/612/jx7uykw0/nail-clipper-cutter/q/y/g/hevy-duty-nail-cutter-nail-cutter-cap-blue-mettstone-original-imafhn6nayzxwhmf.jpeg?q=70,3.2903638447571275,1.3879797480973204,0.9858378654102277
Flipkart,Sanfe Selfly Nail Clipper | Made of Stainless Steel | 1 Piece | chrome-plated ﬁnish to prevent rusting,https://www.flipkart.com/sanfe-selfly-nail-clipper-made-stainless-steel-1-piece-chrome-plated-nish-prevent-rusting/p/itmca9291ee6d794,129,4.4,154,,https://rukminim1.flixcart.com/image/612/612/kzegk280/nail-clipper-cutter/2/2/l/selfly-nail-clipper-made-of-stainless-steel-1-piece-chrome-original-imagbf7bukgjzhzw.jpeg?q=70,4.12404959104067,1.9313758247068105,1.4575628160453522
Flipkart,iSweven Nail Cutter for men Clipper Trimmer Toenail Fingernail 02,https://www.flipkart.com/isweven-nail-cutter-men-clipper-trimmer-toenail-fingernail-02/p/itm8d9e7e11db1cf,599,4.2,98,,https://rukminim1.flixcart.com/image/612/612/k2dm7bk0/nail-clipper-cutter/a/r/y/nail-cutter-for-men-clipper-trimmer-toenail-fingernail-02-nc-original-imafhqkgd5rwamkb.jpeg?q=70,3.738800203156715,0.8125621968101581,0.8570981750933709
Flipkart,CETC Stainless Steel Cuticle Nippers/Cutter / Clipper for Nail Art,https://www.flipkart.com/cetc-stainless-steel-cuticle-nippers-cutter-clipper-nail-art/p/itmfdy8wexzdgc29,250,4.0,134,,https://rukminim1.flixcart.com/image/612/612/jr58l8w0/nail-clipper-cutter/z/b/x/stainless-steel-cuticle-nippers-cutter-clipper-for-nail-art-original-imafcx2sppknqags.jpeg?q=70,3.6978340758609125,1.2439851127693133,1.0488781000915448
Flipkart,"B W ALL BLACK 12 Piece Nail Care Personal Manicure & Pedicure Set, Travel & Grooming Kit",https://www.flipkart.com/b-w-all-black-12-piece-nail-care-personal-manicure-pedicure-set-travel-grooming-kit/p/itmf8tqksstyr6kw,389,4.0,586,,https://rukminim1.flixcart.com/image/612/612/jm573ww0/nail-clipper-cutter/3/g/e/12-piece-nail-care-personal-manicure-pedicure-set-travel-original-imaf948ugwnzdkvv.jpeg?q=70,3.9819649658505565,1.0738914908681596,1.0494159030702095
Flipkart,DOCOSS 16 IN 1 Professional Manicure Pedicure Kit For Women Pedicure Set / Nail Cutter Set / Manicure Kit Nail Pedicure Set / Pedicure Kits Manicure Pedicure Kit With Nail Cutter,https://www.flipkart.com/docoss-16-1-professional-manicure-pedicure-kit-women-set-nail-cutter-kits/p/itm56ff3b08d00a8,525,4.3,47,,https://rukminim1.flixcart.com/image/612/612/kufuikw0/pedicure-kit/w/c/7/230-16-in-1-professional-manicure-pedicure-kit-for-women-original-imag7kg6tswmsmfw.jpeg?q=70,3.3687058410608683,0.7820260229934204,0.7576065104850823
Flipkart,JAMBOREE High quality stainless-steel nail clippers Nail Cutter,https://www.flipkart.com/jamboree-high-quality-stainless-steel-nail-clippers-cutter/p/itmexdgvyazyrc4k,159,4.0,554,,https://rukminim1.flixcart.com/image/612/612/j727s7k0/nail-clipper-cutter/c/y/a/high-quality-stainless-steel-nail-clippers-nail-cutter-pink-01-original-imaexddg3rssvvce.jpeg?q=70,3.9790555390113433,1.6784917307860434,1.3110208844261813
Flipkart,Shishpal Collections nail cutter,https://www.flipkart.com/shishpal-collections-nail-cutter/p/itm383b21f046fcf,99,4.1,166,,https://rukminim1.flixcart.com/image/612/612/kdyus280/nail-clipper-cutter/h/y/h/nail-cutter-1-shishpal-collections-original-imafurexqyu6yhgf.jpeg?q=70,3.868694648097711,2.0681623253504693,1.4149033340759403
Flipkart,Kaiv large black+silver +purple nail cutter 03,https://www.flipkart.com/kaiv-large-black-silver-purple-nail-cutter-03/p/itm5cbcdac722eec,185,4.0,417,,https://rukminim1.flixcart.com/image/612/612/koixwnk0/nail-clipper-cutter/5/j/n/large-black-silver-purple-nail-cutter-03-black-silver-purple-original-imag2yranswxpv9g.jpeg?q=70,3.9580142876914532,1.547851386594392,1.2523104190941408
Flipkart,Gleevia Nail Cutter | Professional Nail Art Premium Tips Clipper | False Nail Trimmer | Artificial Nail Edge Cutter T101 Manicure Tool Blue,https://www.flipkart.com/gleevia-nail-cutter-professional-art-premium-tips-clipper-false-trimmer-artificial-edge-t101-manicure-tool-blue/p/itm28b9d7bf2436e,223,3.9,142,,https://rukminim1.flixcart.com/image/612/612/koad9jk0/nail-clipper-cutter/z/m/5/nail-cutter-professional-nail-art-premium-tips-clipper-false-original-imag2reg35tzvymh.jpeg?q=70,3.626946012620617,1.291892648107592,1.0483934778773651
Flipkart,"MACPLUS 18 in 1 Manicure Pedicure Kit with Nail Cutter , Scissors , Tweezers Knife, Ear Pick Eyebrow Utility Tools with Leather Case",https://www.flipkart.com/macplus-18-1-manicure-pedicure-kit-nail-cutter-scissors-tweezers-knife-ear-pick-eyebrow-utility-tools-leather-case/p/itm1669826cbb5b0,268,4.2,149,,https://rukminim1.flixcart.com/image/612/612/kdukgi80/manicure-kit/s/3/z/10-18-in-1-manicure-pedicure-kit-with-nail-cutter-scissors-original-imafunysphrvfqmd.jpeg?q=70,3.9243793028416922,1.2750914884413822,1.1269681853434688
Flipkart,"BELLA HARARO 16 IN 1 Professional Stainless Steel Manicure Pedicure Kit / Grooming Kit Includes - Nail Cutter, Ear Pick, Tweezers, Plucker, Nail Filer, Nose Hair Scissors, Eyebrow Tweezer for Men & Women Nail Clippers Pedicure Set with Leather Case Holder",https://www.flipkart.com/bella-hararo-16-1-professional-stainless-steel-manicure-pedicure-kit-grooming-includes-nail-cutter-ear-pick-tweezers-plucker-filer-nose-hair-scissors-eyebrow-tweezer-men-women-clippers-set-leather-case-holder/p/itm2ffacbf251100,439,4.3,124,,https://rukminim1.flixcart.com/image/612/612/kxjav0w0/manicure-kit/n/n/c/16-16-in-1-professional-stainless-steel-manicure-pedicure-kit-original-imag9ykvmsjdhupn.jpeg?q=70,3.9416361266998017,1.0006496246800998,1.0027381865693916
Flipkart,"Beauté Secrets Stainless Steel Toenail/Fingernail Clipper/Nail Nipper Set For Thick Nails, Professional Nail Cutter Set, Silver",https://www.flipkart.com/beaut-secrets-stainless-steel-toenail-fingernail-clipper-nail-nipper-set-thick-nails-professional-nail-cutter-set-silver/p/itm0500dbab75af5,258,4.3,84,,https://rukminim1.flixcart.com/image/612/612/kmuxevk0/nail-clipper-cutter/r/t/b/stainless-steel-toenail-fingernail-clipper-nail-nipper-set-for-original-imagfz4w7jzzgsjz.jpeg?q=70,3.743745528441832,1.2397503375008871,1.0600917253945132
Flipkart,ClueSteps Stylish Stainless-Steel Nail Clippers Nail Cutter,https://www.flipkart.com/cluesteps-stylish-stainless-steel-nail-clippers-cutter/p/itm6f7e21a62b923,192,4.4,66,,https://rukminim1.flixcart.com/image/612/612/jzzvs7k0/nail-clipper-cutter/c/a/z/stylish-stainless-steel-nail-clippers-nail-cutter-nailcutter-original-imafjved4nk2zxxp.jpeg?q=70,3.6819544269252824,1.4134015445516916,1.1132205006829914
Flipkart,ROZIA Pedicure Set Manicure Kit Nail Clipper | Nail Cutter |,https://www.flipkart.com/rozia-pedicure-set-manicure-kit-nail-clipper-cutter/p/itm2795d53cc89e3,549,4.3,787,,https://rukminim1.flixcart.com/image/612/612/kl9rssw0/manicure-kit/9/n/n/pedicure-set-manicure-kit-nail-clipper-nail-cutter-rozia-original-imagyfgydwhhhzt6.jpeg?q=70,4.2917813319359395,0.9742921004544074,1.0773385071206631
Flipkart,BELLA HARARO 12 in 1 Stainless Steel Manicure Pedicure Set Nail Cutter Scissors Care Set Tweezers Knife Ear Pick Eyebrow Scissors Utility Tools Grooming Kits with Leather Hard Case,https://www.flipkart.com/bella-hararo-12-1-stainless-steel-manicure-pedicure-set-nail-cutter-scissors-care-tweezers-knife-ear-pick-eyebrow-utility-tools-grooming-kits-leather-hard-case/p/itm038c3d85bd097,279,4.0,1233,,https://rukminim1.flixcart.com/image/612/612/krme93k0/manicure-kit/8/m/y/12-manicure-and-pedicure-non-leather-12-in-1-stainless-steel-original-imag5d6azqvvdxkc.jpeg?q=70,3.9984181979664943,1.2732798928400084,1.1474140456951736
Flipkart,maycreate Toenail Clippers for Thick Nails Nail Clippers Kit Set for Men and Women Heavy Duty Nail Nippers Cutter for Pedicure Precision Ingrown Fingernails,https://www.flipkart.com/maycreate-toenail-clippers-thick-nails-nail-kit-set-men-women-heavy-duty-nippers-cutter-pedicure-precision-ingrown-fingernails/p/itm5163c24774ac4,421,4.3,34,,https://rukminim1.flixcart.com/image/612/612/khjgeq80-0/nail-clipper-cutter/j/i/1/toenail-clippers-for-thick-nails-nail-clippers-kit-set-for-men-original-imafxgy4mfch6kjy.jpeg?q=70,3.1294476758505043,0.811268127032221,0.7168361646029016
Flipkart,"JAMBOREE Premium quality high quality stainless steel nail clipper, nail cutter",https://www.flipkart.com/jamboree-premium-quality-high-stainless-steel-nail-clipper-cutter/p/itmf28yn5hjfza7e,159,4.0,127,,https://rukminim1.flixcart.com/image/612/612/jdbzcsw0/nail-clipper-cutter/a/d/z/premium-quality-high-quality-stainless-steel-nail-clipper-nail-original-imaf28xfvhgjebzz.jpeg?q=70,3.6764513371876437,1.5508436883090113,1.1643481066736496
Flipkart,ClueSteps Soft & Smooth Stainless-Steel Nail Clippers Nail Cutter,https://www.flipkart.com/cluesteps-soft-smooth-stainless-steel-nail-clippers-cutter/p/itm2bf5334d77971,192,4.2,66,,https://rukminim1.flixcart.com/image/612/612/jzzvs7k0/nail-clipper-cutter/q/v/d/soft-smooth-stainless-steel-nail-clippers-nail-cutter-nailcutter-original-imafjvefxyhaazqx.jpeg?q=70,3.5145928620650424,1.3491560197993424,1.0381882669832618
Flipkart,MVNET High quality stainless-steel nail clippers Nail Cutter,https://www.flipkart.com/mvnet-high-quality-stainless-steel-nail-clippers-cutter/p/itm7e1a7eee40c88,152,4.0,736,,https://rukminim1.flixcart.com/image/612/612/kj8wccw0-0/nail-clipper-cutter/n/g/m/mvnet02-nailclipper02-mvnet-original-imafyutzc7zyx4tx.jpeg?q=70,3.990603692005087,1.7216884785840747,1.3316371194348837
Flipkart,MACPLUS 12 Grooming Kit Nail Cutter Tools Manicure & Pedicure,https://www.flipkart.com/macplus-12-grooming-kit-nail-cutter-tools-manicure-pedicure/p/itm8353e0f40451d,260,4.2,288,,https://rukminim1.flixcart.com/image/612/612/kdukgi80/manicure-kit/k/q/x/100-12-grooming-kit-nail-cutter-tools-manicure-pedicure-macplus-original-imafuz5chmzpp8uu.jpeg?q=70,4.104801121165862,1.3540765388942324,1.2147411200923026
Flipkart,THE DDS STORE Grinder Nail Clipper (For Dog),https://www.flipkart.com/dds-store-grinder-nail-clipper-for-dog/p/itm719a535bbbb8c,171,4.0,87,,https://rukminim1.flixcart.com/image/612/612/kikluvk0-0/pet-nail-clipper/r/5/5/gjnfbr001-gojira-original-imafyccdyqxupqgx.jpeg?q=70,3.500950567614445,1.4240514838469158,1.0624752694314008
Flipkart,Sminakh Nail Cutical Cutter Nail Art Menicure Tool Pack OF 1 Nail Tool,https://www.flipkart.com/sminakh-nail-cutical-cutter-art-menicure-tool-pack-1/p/itm438619cf575d6,236,3.9,44,,https://rukminim1.flixcart.com/image/612/612/kziqvm80/nail-clipper-cutter/h/x/u/nail-cutical-cutter-nail-art-menicure-tool-pack-of-1-nail-tool-original-imagbgfxmqqdgu3v.jpeg?q=70,3.0123611463537783,1.0430107944097045,0.7823866744186025
Flipkart,Sukhmani NAIL CUTTER,https://www.flipkart.com/sukhmani-nail-cutter/p/itmfdp59pbb6ak5x,123,4.0,71,,https://rukminim1.flixcart.com/image/612/612/l52sivk0/nail-clipper-cutter/9/1/e/nail-cutter-1-sukhmani-original-imagfufg9eu8cmhr.jpeg?q=70,3.3897866465254323,1.62576427485723,1.0991859247087095
Flipkart,GUBB MANICURE KIT 4 IN 1,https://www.flipkart.com/gubb-manicure-kit-4-1/p/itmezp9dstevpn4d,279,4.0,136,,https://rukminim1.flixcart.com/image/612/612/xif0q/manicure-kit/t/o/e/4-manicure-kit-4-in-1-4-gubb-original-imagksnzuzwd8ssz.jpeg?q=70,3.7035818834890675,1.1793904764967942,1.022870763205405
Flipkart,DOCOSS 12 IN 1 Manicure Set Pedicure Kit Stainless Steel Nail Cutter Manicure Pedicure Kit With Nail Cutter For Men Women & Leather Travel Case,https://www.flipkart.com/docoss-12-1-manicure-set-pedicure-kit-stainless-steel-nail-cutter-men-women-leather-travel-case/p/itma12a03c8b5fa3,499,4.0,34,,https://rukminim1.flixcart.com/image/612/612/kuipea80/manicure-kit/m/u/e/150-12-in-1-manicure-set-pedicure-kit-stainless-steel-nail-original-imag7mkzydzzhqjk.jpeg?q=70,2.9111141170702366,0.6931811187942898,0.6163857624988969
Flipkart,Kaiv GLITTER NAIL CLIPPER COMBO 02/3103,https://www.flipkart.com/kaiv-glitter-nail-clipper-combo-02-3103/p/itm0399e8c3f942d,158,4.1,242,,https://rukminim1.flixcart.com/image/612/612/knknc7k0/nail-clipper-cutter/e/o/b/glitter-nail-clipper-combo-02-3103-pb02-3103-kaiv-original-imag27zvhyh7hfbt.jpeg?q=70,3.9725857932565063,1.6810572687015612,1.3098891522295495
Flipkart,"weimao Premium quality high quality stainless steel nail clipper, Professional nail cutter, Heavy Duty, Heavy Gauge.",https://www.flipkart.com/weimao-premium-quality-high-stainless-steel-nail-clipper-professional-cutter-heavy-duty-gauge/p/itmf2nvygemqxmk3,199,3.9,128,,https://rukminim1.flixcart.com/image/612/612/jduk2vk0/nail-clipper-cutter/k/t/q/premium-quality-high-quality-stainless-steel-nail-clipper-original-imaf2nu48msevmhu.jpeg?q=70,3.587641758480006,1.352758586698742,1.0611804148039539
Flipkart,Beauté Secrets Premium Cuticle Trimmer Stainless Steel Nipper for Thick and Ingrown Toe Nails,https://www.flipkart.com/beaut-secrets-premium-cuticle-trimmer-stainless-steel-nipper-thick-ingrown-toe-nails/p/itm8f16fc7a351b8,427,4.0,66,,https://rukminim1.flixcart.com/image/612/612/kg15ocw0/nail-clipper-cutter/q/w/y/premium-cuticle-trimmer-stainless-steel-nipper-for-thick-and-original-imafwd8fubdgngc2.jpeg?q=70,3.347231297204802,0.8616076637945075,0.7901517498783828
Flipkart,"Beauté Secrets Nail Cutter Set 3 Pieces, No Splash Fingernail Clipper Set With Nail Filer, Stainless Steel Nail Cutter for Men and Women",https://www.flipkart.com/beaut-secrets-nail-cutter-set-3-pieces-no-splash-fingernail-clipper-filer-stainless-steel-men-women/p/itm279184b9ffa54,569,4.6,36,,https://rukminim1.flixcart.com/image/612/612/kg9qbgw0/manicure-kit/7/t/2/3-nail-cutter-set-3-pieces-no-splash-fingernail-clipper-set-with-original-imafwjjjfqvvuhhm.jpeg?q=70,3.3941376,0.7568522020128488,0.7509395710842898
Flipkart,"Beauté Secrets Nail Clippers,Toenail Clippers for Adult Men Women 3 pcs Thick Nail Cutter",https://www.flipkart.com/beaut-secrets-nail-clippers-toenail-clippers-adult-men-women-3-pcs-thick-cutter/p/itm1bb5b353f537b,249,4.3,46,,https://rukminim1.flixcart.com/image/612/612/l3lx8cw0/nail-clipper-cutter/7/g/e/professional-fingernail-clipper-trimmer-set-mt-49a-beaut-secrets-original-imagepyuaw2aec9d.jpeg?q=70,3.3533427426088154,1.1303580673826779,0.9066840371640927
Flipkart,ROZIA Manicure Pedicure kit combo Nail Cutter Scissors Care Set Tweezers Knife Ear Pick Eyebrow Scissors Utility Tools Grooming Kits with Leather Case,https://www.flipkart.com/rozia-manicure-pedicure-kit-combo-nail-cutter-scissors-care-set-tweezers-knife-ear-pick-eyebrow-utility-tools-grooming-kits-leather-case/p/itmb843d061f8a59,349,4.1,1107,,https://rukminim1.flixcart.com/image/612/612/k55n0y80/manicure-kit/p/x/y/12-manicure-pedicure-kit-combo-nail-cutter-scissors-care-set-original-imafnvndpmzpscqx.jpeg?q=70,4.097554139150529,1.1666746303064586,1.1255624172203436
Flipkart,Kai Tsumekiri Nail Clipper for Men and Women Grey,https://www.flipkart.com/kai-tsumekiri-nail-clipper-men-women-grey/p/itm5235f1c08dab2,517,4.1,44,,https://rukminim1.flixcart.com/image/612/612/jpsnma80/nail-clipper-cutter/d/a/3/nail-clipper-tsumekiri-grey-nail-clipper-tsumekiri-grey-kai-original-imafbxw2nh8ufqgx.jpeg?q=70,3.1668412051411514,0.7408303784859317,0.693195419732066
Flipkart,Oriflame Sweden NOVAGE Ecollagen Wrinkle Power Day Cream SPF 30 with nail cutter,https://www.flipkart.com/oriflame-sweden-novage-ecollagen-wrinkle-power-day-cream-spf-30-nail-cutter/p/itmc4d996fbf1bfe,1507,4.5,44,,https://rukminim1.flixcart.com/image/612/612/jzn0tjk0/combo-kit/6/z/w/novage-ecollagen-wrinkle-power-day-cream-spf-30-with-nail-cutter-original-imafjhz6fjyghjw8.jpeg?q=70,3.475801322715898,0.47625120240543767,0.6100184813251754
Flipkart,Phiz Beauty Nail Filer & Cuticle Cutter(Trimmer) Combo,https://www.flipkart.com/phiz-beauty-nail-filer-cuticle-cutter-trimmer-combo/p/itm08d23bc699735,149,4.2,46,,https://rukminim1.flixcart.com/image/612/612/klqx30w0/nail-filer/l/j/g/nail-filer-cuticle-cutter-trimmer-combo-nail-filer-phiz-beauty-original-imagyt33ezajnhgb.jpeg?q=70,3.2753580276644243,1.427261044542158,0.995131541158295
Flipkart,Miss Hot Manicure Set 16 in 1 Stainless Steel Professional Pedicure Kit Nail Scissors Grooming Kit with Leather Travel Case,https://www.flipkart.com/miss-hot-manicure-set-16-1-stainless-steel-professional-pedicure-kit-nail-scissors-grooming-leather-travel-case/p/itmcc3f41dc3a8a5,280,4.2,561,,https://rukminim1.flixcart.com/image/612/612/kpsnzww0/manicure-kit/j/j/c/250-manicure-pedicure-set-nail-clippers-esup-16-in-1-stainless-original-imag3yavrr3t6ggw.jpeg?q=70,4.178723845713549,1.3283191166589898,1.2247991854075622
Flipkart,Envyon Pack Of 2 Sharp Nail File/ Filer & Shaper With Cuticle Cutter,https://www.flipkart.com/envyon-pack-2-sharp-nail-file-filer-shaper-cuticle-cutter/p/itmf3tpynwnfybh5,171,4.0,125,,https://rukminim1.flixcart.com/image/612/612/khwbde80-0/nail-filer/r/8/x/pack-of-2-pcs-manicure-pedicure-sharp-nail-file-filer-shaper-original-imaf3t8e553gq8rv.jpeg?q=70,3.6699550383164445,1.4927959755590452,1.1403311223588881
Flipkart,Oriflame Sweden Optimals Even Out Day Cream SPF 20 50ml (32479) With Nail Cutter,https://www.flipkart.com/oriflame-sweden-optimals-even-out-day-cream-spf-20-50ml-32479-nail-cutter/p/itmf3v9hbbddhqgk,999,4.1,39,,https://rukminim1.flixcart.com/image/612/612/jbs96kw0/combo-kit/t/k/b/optimals-even-out-day-cream-spf-20-50ml-32479-with-nail-cutter-original-imaff2hxrechtsnt.jpeg?q=70,3.08239081225796,0.5187316232612685,0.5645846545005032
